client,old_firm,new_firm,hire_dq,move,client_q_canonical_spend,term_uuid,term_lda_url,hire_uuid,hire_lda_url
CVS Health,"KEEFE SINGISER PARTNERS, FKA KEEFE STRATEGIES LLC",MICHAEL BEST STRATEGIES LLC,0,,3320000,f11bb6bc-665c-412d-80ed-881675384285,https://lda.senate.gov/filings/public/filing/f11bb6bc-665c-412d-80ed-881675384285/print/,1ca980f1-9d4a-4155-9fbb-f7baf4fba838,https://lda.senate.gov/filings/public/filing/1ca980f1-9d4a-4155-9fbb-f7baf4fba838/print/
CVS Health,KLEIN/JOHNSON GROUP,MICHAEL BEST STRATEGIES LLC,0,,3320000,7e94cfa1-4c37-489d-9def-7a66190532b8,https://lda.senate.gov/filings/public/filing/7e94cfa1-4c37-489d-9def-7a66190532b8/print/,1ca980f1-9d4a-4155-9fbb-f7baf4fba838,https://lda.senate.gov/filings/public/filing/1ca980f1-9d4a-4155-9fbb-f7baf4fba838/print/
Comcast Corporation,BLOOM STRATEGIC COUNSEL,AQUIA GROUP INC. (F.K.A. AQUIA GROUP LLC),0,,3080000,08f2b130-f045-44fa-a34f-cb39fefdc9e1,https://lda.senate.gov/filings/public/filing/08f2b130-f045-44fa-a34f-cb39fefdc9e1/print/,178eacea-cc43-4e30-abeb-d670bc835617,https://lda.senate.gov/filings/public/filing/178eacea-cc43-4e30-abeb-d670bc835617/print/
Comcast Corporation,BLOOM STRATEGIC COUNSEL,"THEGROUP DC, LLC",0,,3080000,08f2b130-f045-44fa-a34f-cb39fefdc9e1,https://lda.senate.gov/filings/public/filing/08f2b130-f045-44fa-a34f-cb39fefdc9e1/print/,5c7c43e8-939f-41a8-b40d-a5ff63b137a2,https://lda.senate.gov/filings/public/filing/5c7c43e8-939f-41a8-b40d-a5ff63b137a2/print/
Comcast Corporation,DAVID RUDD & ASSOCIATES LLC,AQUIA GROUP INC. (F.K.A. AQUIA GROUP LLC),0,,3080000,80655732-9897-4e53-b21c-4da892d2b4a9,https://lda.senate.gov/filings/public/filing/80655732-9897-4e53-b21c-4da892d2b4a9/print/,178eacea-cc43-4e30-abeb-d670bc835617,https://lda.senate.gov/filings/public/filing/178eacea-cc43-4e30-abeb-d670bc835617/print/
Comcast Corporation,DAVID RUDD & ASSOCIATES LLC,"THEGROUP DC, LLC",0,,3080000,80655732-9897-4e53-b21c-4da892d2b4a9,https://lda.senate.gov/filings/public/filing/80655732-9897-4e53-b21c-4da892d2b4a9/print/,5c7c43e8-939f-41a8-b40d-a5ff63b137a2,https://lda.senate.gov/filings/public/filing/5c7c43e8-939f-41a8-b40d-a5ff63b137a2/print/
Comcast Corporation,"DB3, LLC (FKA THE DASCHLE GROUP)",AQUIA GROUP INC. (F.K.A. AQUIA GROUP LLC),0,,3080000,f32ca3f5-9d39-466a-b8a1-e484922c6e54,https://lda.senate.gov/filings/public/filing/f32ca3f5-9d39-466a-b8a1-e484922c6e54/print/,178eacea-cc43-4e30-abeb-d670bc835617,https://lda.senate.gov/filings/public/filing/178eacea-cc43-4e30-abeb-d670bc835617/print/
Comcast Corporation,"DB3, LLC (FKA THE DASCHLE GROUP)","THEGROUP DC, LLC",0,,3080000,f32ca3f5-9d39-466a-b8a1-e484922c6e54,https://lda.senate.gov/filings/public/filing/f32ca3f5-9d39-466a-b8a1-e484922c6e54/print/,5c7c43e8-939f-41a8-b40d-a5ff63b137a2,https://lda.senate.gov/filings/public/filing/5c7c43e8-939f-41a8-b40d-a5ff63b137a2/print/
Comcast Corporation,RIVENDELL GROUP LLP,AQUIA GROUP INC. (F.K.A. AQUIA GROUP LLC),0,,3080000,a3ce36c6-52ab-4b54-8082-eaea3cf4968a,https://lda.senate.gov/filings/public/filing/a3ce36c6-52ab-4b54-8082-eaea3cf4968a/print/,178eacea-cc43-4e30-abeb-d670bc835617,https://lda.senate.gov/filings/public/filing/178eacea-cc43-4e30-abeb-d670bc835617/print/
Comcast Corporation,RIVENDELL GROUP LLP,"THEGROUP DC, LLC",0,,3080000,a3ce36c6-52ab-4b54-8082-eaea3cf4968a,https://lda.senate.gov/filings/public/filing/a3ce36c6-52ab-4b54-8082-eaea3cf4968a/print/,5c7c43e8-939f-41a8-b40d-a5ff63b137a2,https://lda.senate.gov/filings/public/filing/5c7c43e8-939f-41a8-b40d-a5ff63b137a2/print/
Comcast Corporation,THE DUBERSTEIN GROUP INC.,AQUIA GROUP INC. (F.K.A. AQUIA GROUP LLC),0,,3080000,ea5a8813-5705-414f-94b5-041048d0c3e7,https://lda.senate.gov/filings/public/filing/ea5a8813-5705-414f-94b5-041048d0c3e7/print/,178eacea-cc43-4e30-abeb-d670bc835617,https://lda.senate.gov/filings/public/filing/178eacea-cc43-4e30-abeb-d670bc835617/print/
Comcast Corporation,THE DUBERSTEIN GROUP INC.,"THEGROUP DC, LLC",0,,3080000,ea5a8813-5705-414f-94b5-041048d0c3e7,https://lda.senate.gov/filings/public/filing/ea5a8813-5705-414f-94b5-041048d0c3e7/print/,5c7c43e8-939f-41a8-b40d-a5ff63b137a2,https://lda.senate.gov/filings/public/filing/5c7c43e8-939f-41a8-b40d-a5ff63b137a2/print/
Amgen Inc.,"TIBER CREEK HEALTH STRATEGIES, INC.","SIGHTLINE ADVOCACY, LLC",-1,,2580000,1bc24b73-61d6-4797-b3f9-d548d53e6a28,https://lda.senate.gov/filings/public/filing/1bc24b73-61d6-4797-b3f9-d548d53e6a28/print/,6987ac8d-2f31-4179-b919-7c4deec0d478,https://lda.senate.gov/filings/public/filing/6987ac8d-2f31-4179-b919-7c4deec0d478/print/
Edison Electric Institute,"THE SIMMONS & RUSSELL GROUP, LLC","HARBINGER STRATEGIES, LLC",0,,2559417,4a202c28-9d35-41f5-a6ac-a0e5ccb0d4ca,https://lda.senate.gov/filings/public/filing/4a202c28-9d35-41f5-a6ac-a0e5ccb0d4ca/print/,3c252dd8-20b0-42f9-8079-865378315a41,https://lda.senate.gov/filings/public/filing/3c252dd8-20b0-42f9-8079-865378315a41/print/
Edison Electric Institute,"THE SIMMONS & RUSSELL GROUP, LLC","S2R, LLC",0,,2559417,4a202c28-9d35-41f5-a6ac-a0e5ccb0d4ca,https://lda.senate.gov/filings/public/filing/4a202c28-9d35-41f5-a6ac-a0e5ccb0d4ca/print/,6ac4d8d9-9b93-4bdd-95e3-6e9657a19b29,https://lda.senate.gov/filings/public/filing/6ac4d8d9-9b93-4bdd-95e3-6e9657a19b29/print/
General Atomics,"TAFT STETTINIUS & HOLLISTER LLP DBA TAFT ADVISORS LLC FKA (TAFT, STETTINIUS & HOLLISTER, LLP)",STRATEGIC MARKETING INNOVATIONS,0,,2270000,d47925df-e175-48ad-8f29-e39206b98028,https://lda.senate.gov/filings/public/filing/d47925df-e175-48ad-8f29-e39206b98028/print/,4a3a31f8-853e-4f95-8755-d6fc599a3752,https://lda.senate.gov/filings/public/filing/4a3a31f8-853e-4f95-8755-d6fc599a3752/print/
Delta Air Lines,"NAVIGATORS GLOBAL LLC (FORMERLY DC NAVIGATORS, LLC)","SIGHTLINE ADVOCACY, LLC",0,,1700000,fdeddb3f-37e4-42ed-a246-c81f51fce7eb,https://lda.senate.gov/filings/public/filing/fdeddb3f-37e4-42ed-a246-c81f51fce7eb/print/,11d97b70-d7f0-4ab3-ae78-4b0f21d23c74,https://lda.senate.gov/filings/public/filing/11d97b70-d7f0-4ab3-ae78-4b0f21d23c74/print/
Delta Air Lines,THE WILLIAMS GROUP,"SIGHTLINE ADVOCACY, LLC",0,,1700000,eae63c36-8e70-48f4-b3fa-9c58cf342d95,https://lda.senate.gov/filings/public/filing/eae63c36-8e70-48f4-b3fa-9c58cf342d95/print/,11d97b70-d7f0-4ab3-ae78-4b0f21d23c74,https://lda.senate.gov/filings/public/filing/11d97b70-d7f0-4ab3-ae78-4b0f21d23c74/print/
Bristol-Myers Squibb Company,"CROSSROADS STRATEGIES, LLC",AVENUE SOLUTIONS,0,,1320000,979efff9-1403-4a52-a386-ff49cc709a49,https://lda.senate.gov/filings/public/filing/979efff9-1403-4a52-a386-ff49cc709a49/print/,32e39b33-7829-4f07-9231-b28015b1d7c6,https://lda.senate.gov/filings/public/filing/32e39b33-7829-4f07-9231-b28015b1d7c6/print/
Bristol-Myers Squibb Company,"CROSSROADS STRATEGIES, LLC",CAPITOL COUNSEL LLC,0,,1320000,979efff9-1403-4a52-a386-ff49cc709a49,https://lda.senate.gov/filings/public/filing/979efff9-1403-4a52-a386-ff49cc709a49/print/,611f247a-a311-4b51-99bd-05b97ec1001a,https://lda.senate.gov/filings/public/filing/611f247a-a311-4b51-99bd-05b97ec1001a/print/
Bristol-Myers Squibb Company,"CROSSROADS STRATEGIES, LLC","MARSHALL & POPP, LLC",0,,1320000,979efff9-1403-4a52-a386-ff49cc709a49,https://lda.senate.gov/filings/public/filing/979efff9-1403-4a52-a386-ff49cc709a49/print/,66cc55cb-02c6-4487-b455-b71651d0507b,https://lda.senate.gov/filings/public/filing/66cc55cb-02c6-4487-b455-b71651d0507b/print/
Bristol-Myers Squibb Company,"CROSSROADS STRATEGIES, LLC","W STRATEGIES, LLC",0,,1320000,979efff9-1403-4a52-a386-ff49cc709a49,https://lda.senate.gov/filings/public/filing/979efff9-1403-4a52-a386-ff49cc709a49/print/,1c3312ea-7fee-4bed-be5b-ec637b6d90da,https://lda.senate.gov/filings/public/filing/1c3312ea-7fee-4bed-be5b-ec637b6d90da/print/
Novo Nordisk Inc.,"AVOQ, LLC",S-3 GROUP,0,,1290000,d3bcd74a-1bcb-4f7e-bc46-49d4b04c1d25,https://lda.senate.gov/filings/public/filing/d3bcd74a-1bcb-4f7e-bc46-49d4b04c1d25/print/,204e7a1d-0e33-4899-8ad9-ce4868a9e980,https://lda.senate.gov/filings/public/filing/204e7a1d-0e33-4899-8ad9-ce4868a9e980/print/
"Cisco Systems, Inc.","FEDERAL STREET STRATEGIES, LLC",BALLARD PARTNERS,-1,,1210000,c7678fe8-d531-496e-b77c-802378b535a1,https://lda.senate.gov/filings/public/filing/c7678fe8-d531-496e-b77c-802378b535a1/print/,754d4955-8603-4e49-b13b-68a7efcbbbda,https://lda.senate.gov/filings/public/filing/754d4955-8603-4e49-b13b-68a7efcbbbda/print/
Vertex Pharmaceuticals Incorporated,SALT POINT STRATEGIES,ALB SOLUTIONS,0,,1140000,9a9dc0bf-d583-4796-bb35-a4cfde327a05,https://lda.senate.gov/filings/public/filing/9a9dc0bf-d583-4796-bb35-a4cfde327a05/print/,48cd718d-a4e9-41fa-91e7-e86d91b5e7b1,https://lda.senate.gov/filings/public/filing/48cd718d-a4e9-41fa-91e7-e86d91b5e7b1/print/
Vertex Pharmaceuticals Incorporated,SALT POINT STRATEGIES,ALSTON & BIRD LLP,0,,1140000,9a9dc0bf-d583-4796-bb35-a4cfde327a05,https://lda.senate.gov/filings/public/filing/9a9dc0bf-d583-4796-bb35-a4cfde327a05/print/,7d634227-9e4e-4c08-9f79-c39ee6cfec2e,https://lda.senate.gov/filings/public/filing/7d634227-9e4e-4c08-9f79-c39ee6cfec2e/print/
"Coupang, Inc.",AKIN GUMP STRAUSS HAUER & FELD,"BALLARD PARTNERS, LLC",0,,1090000,0e829113-4b16-4fd7-ae5a-38093a92414d,https://lda.senate.gov/filings/public/filing/0e829113-4b16-4fd7-ae5a-38093a92414d/print/,8e4a96ab-6773-455a-92a2-af2c33025b53,https://lda.senate.gov/filings/public/filing/8e4a96ab-6773-455a-92a2-af2c33025b53/print/
"Coupang, Inc.",AKIN GUMP STRAUSS HAUER & FELD,"CROSSROADS STRATEGIES, LLC",0,,1090000,0e829113-4b16-4fd7-ae5a-38093a92414d,https://lda.senate.gov/filings/public/filing/0e829113-4b16-4fd7-ae5a-38093a92414d/print/,09e08f6d-d58c-42a6-82e2-38d905a6b39f,https://lda.senate.gov/filings/public/filing/09e08f6d-d58c-42a6-82e2-38d905a6b39f/print/
"Coupang, Inc.",AKIN GUMP STRAUSS HAUER & FELD,"WILLIAMS AND JENSEN, PLLC",0,,1090000,0e829113-4b16-4fd7-ae5a-38093a92414d,https://lda.senate.gov/filings/public/filing/0e829113-4b16-4fd7-ae5a-38093a92414d/print/,9b5ccb50-00ad-45f2-bbc1-ecbfcdb4f70a,https://lda.senate.gov/filings/public/filing/9b5ccb50-00ad-45f2-bbc1-ecbfcdb4f70a/print/
Tesla Inc.,"CASSIDY & ASSOCIATES, INC.","CONTINENTAL STRATEGY, LLC",-1,,760000,223d1035-bd5b-40c3-9ead-e0de5f8a1919,https://lda.senate.gov/filings/public/filing/223d1035-bd5b-40c3-9ead-e0de5f8a1919/print/,3d091d3d-0f88-4250-b5b4-f258ac3ee409,https://lda.senate.gov/filings/public/filing/3d091d3d-0f88-4250-b5b4-f258ac3ee409/print/
"Becton, Dickinson and Company",SQUIRE PATTON BOGGS,"DCI GROUP, L.L.C.",-1,,755000,434ea2fc-d5b7-48f5-b8c0-066d7fd41686,https://lda.senate.gov/filings/public/filing/434ea2fc-d5b7-48f5-b8c0-066d7fd41686/print/,2e0e417d-ebee-4830-a34d-53a0b16fcd15,https://lda.senate.gov/filings/public/filing/2e0e417d-ebee-4830-a34d-53a0b16fcd15/print/
Booz Allen Hamilton Inc.,"THE NICKLES GROUP, LLC","ETHERTON AND ASSOCIATES, INC.",-1,,740000,0d7996e7-7e6d-4c12-973f-ec95c0a9cf0b,https://lda.senate.gov/filings/public/filing/0d7996e7-7e6d-4c12-973f-ec95c0a9cf0b/print/,2391c20e-5e80-412a-84a3-87b7695a67b1,https://lda.senate.gov/filings/public/filing/2391c20e-5e80-412a-84a3-87b7695a67b1/print/
Corning Incorporated,HOGAN LOVELLS US LLP,THE DUBERSTEIN GROUP INC.,-1,,740000,8573855e-dfae-40db-8583-35ae2e25c37b,https://lda.senate.gov/filings/public/filing/8573855e-dfae-40db-8583-35ae2e25c37b/print/,3c3e5048-f558-4987-bcb2-cd12caf0403b,https://lda.senate.gov/filings/public/filing/3c3e5048-f558-4987-bcb2-cd12caf0403b/print/
Zurich American Insurance Company,RICH FEUER ANDERSON,TIBER CREEK GROUP,0,,700000,a5436d82-8348-47ab-9d7c-d15393ca934f,https://lda.senate.gov/filings/public/filing/a5436d82-8348-47ab-9d7c-d15393ca934f/print/,c7185139-287a-4d33-8e37-435913cabf91,https://lda.senate.gov/filings/public/filing/c7185139-287a-4d33-8e37-435913cabf91/print/
Fervo Energy,BOUNDARY STONE PARTNERS,"CORNERSTONE GOVERNMENT AFFAIRS, INC.",0,,690000,7c3622c9-bff0-41d6-a0a2-c70156dcfa76,https://lda.senate.gov/filings/public/filing/7c3622c9-bff0-41d6-a0a2-c70156dcfa76/print/,5c923432-14b5-4f89-921d-4fac174f715a,https://lda.senate.gov/filings/public/filing/5c923432-14b5-4f89-921d-4fac174f715a/print/
Fervo Energy,BOUNDARY STONE PARTNERS,FERVO ENERGY COMPANY,-1,to-inhouse,690000,7c3622c9-bff0-41d6-a0a2-c70156dcfa76,https://lda.senate.gov/filings/public/filing/7c3622c9-bff0-41d6-a0a2-c70156dcfa76/print/,478e92da-4e37-42f5-861c-7a0cb85e99c8,https://lda.senate.gov/filings/public/filing/478e92da-4e37-42f5-861c-7a0cb85e99c8/print/
Relativity Space,"CONTINENTAL STRATEGY, LLC","KEAST STRATEGIC SOLUTIONS, LLC",0,,470000,61d46a3b-0c40-4ddc-96db-61bfcc49edcc,https://lda.senate.gov/filings/public/filing/61d46a3b-0c40-4ddc-96db-61bfcc49edcc/print/,78e305ba-4741-4d8f-9804-2220423f7ae9,https://lda.senate.gov/filings/public/filing/78e305ba-4741-4d8f-9804-2220423f7ae9/print/
Science Applications International Corporation,AXADVOCACY GOVERNMENT RELATIONS,THOLOS GOVERNMENT RELATIONS,0,,460000,34635cda-2a87-40f6-9235-fc0867ac491f,https://lda.senate.gov/filings/public/filing/34635cda-2a87-40f6-9235-fc0867ac491f/print/,8a41c88a-6935-40dc-8cfb-71f1f6ed93ce,https://lda.senate.gov/filings/public/filing/8a41c88a-6935-40dc-8cfb-71f1f6ed93ce/print/
Bitdeer Technologies Group,AMERICAN DEFENSE INTERNATIONAL,"TOWER STRATEGY, LLC",-1,,440000,10cb84cb-fd83-44a1-bb3f-3c9fcc34d75d,https://lda.senate.gov/filings/public/filing/10cb84cb-fd83-44a1-bb3f-3c9fcc34d75d/print/,1fd02541-963c-4b72-ab9d-bcf7caafb602,https://lda.senate.gov/filings/public/filing/1fd02541-963c-4b72-ab9d-bcf7caafb602/print/
Ultragenyx Pharmaceutical,AVIVA STRATEGIES (FKA MGB CONSULTING),"MILLER STRATEGIES, LLC",0,,440000,cb20d7b3-9a13-4b98-b40e-1ac0e941a0b4,https://lda.senate.gov/filings/public/filing/cb20d7b3-9a13-4b98-b40e-1ac0e941a0b4/print/,8d2742f2-3275-4bad-bd23-cd5592dfd091,https://lda.senate.gov/filings/public/filing/8d2742f2-3275-4bad-bd23-cd5592dfd091/print/
American Investment Council,THE DUBERSTEIN GROUP INC.,"RESOLUTION PUBLIC AFFAIRS, LLC",-1,,355000,81906939-1756-4391-aebd-77a5a58d3505,https://lda.senate.gov/filings/public/filing/81906939-1756-4391-aebd-77a5a58d3505/print/,c95ae3be-1364-4f9b-bd66-e1d521677c95,https://lda.senate.gov/filings/public/filing/c95ae3be-1364-4f9b-bd66-e1d521677c95/print/
"Dropbox, Inc.","FRANKLIN SQUARE GROUP, LLC",H&M STRATEGIES LLP,0,,350000,5de0a867-6d49-497a-bfbc-5899043f7e43,https://lda.senate.gov/filings/public/filing/5de0a867-6d49-497a-bfbc-5899043f7e43/print/,27e9f9be-4d5b-4889-b173-d00198b25580,https://lda.senate.gov/filings/public/filing/27e9f9be-4d5b-4889-b173-d00198b25580/print/
Sports Betting Alliance,CARMEN GROUP INCORPORATED,"CROSSROADS STRATEGIES, LLC",0,,340000,421e0c3e-f35c-4161-a22b-59e750c91f13,https://lda.senate.gov/filings/public/filing/421e0c3e-f35c-4161-a22b-59e750c91f13/print/,1bdbbd02-f4ca-4264-a28b-a0febf1e8d25,https://lda.senate.gov/filings/public/filing/1bdbbd02-f4ca-4264-a28b-a0febf1e8d25/print/
Hanwha Q CELLS America Inc.,"ALVA ELLIOTT PARTNERS, LLC",MISSION STRATEGIES LLC (ENERGY),-1,,330000,b59e2022-5517-4d1d-9d83-5cf8c121b5d1,https://lda.senate.gov/filings/public/filing/b59e2022-5517-4d1d-9d83-5cf8c121b5d1/print/,2859bfe0-2d9e-47a1-aca2-7960774cadcf,https://lda.senate.gov/filings/public/filing/2859bfe0-2d9e-47a1-aca2-7960774cadcf/print/
Hanwha Q CELLS America Inc.,"BALLARD PARTNERS, LLC",MISSION STRATEGIES LLC (ENERGY),-1,,330000,a41230d8-0483-4518-a27e-3377ca3d275a,https://lda.senate.gov/filings/public/filing/a41230d8-0483-4518-a27e-3377ca3d275a/print/,2859bfe0-2d9e-47a1-aca2-7960774cadcf,https://lda.senate.gov/filings/public/filing/2859bfe0-2d9e-47a1-aca2-7960774cadcf/print/
Hanwha Q CELLS America Inc.,"BL PARTNERS GROUP, LLC",MISSION STRATEGIES LLC (ENERGY),-1,,330000,3b94b903-98f9-41b7-bdfb-a2452256ab1c,https://lda.senate.gov/filings/public/filing/3b94b903-98f9-41b7-bdfb-a2452256ab1c/print/,2859bfe0-2d9e-47a1-aca2-7960774cadcf,https://lda.senate.gov/filings/public/filing/2859bfe0-2d9e-47a1-aca2-7960774cadcf/print/
Southwest Airlines,"PUBLIC STRATEGIES WASHINGTON, INC.",S-3 GROUP,0,,320000,807d146f-2121-4abf-b359-3dd2113a853f,https://lda.senate.gov/filings/public/filing/807d146f-2121-4abf-b359-3dd2113a853f/print/,6422bcb8-4b09-4ffc-af02-1f4134b4093f,https://lda.senate.gov/filings/public/filing/6422bcb8-4b09-4ffc-af02-1f4134b4093f/print/
"ZILLOW GROUP, INC.","MINDSET ADVOCACY, LLC",THOLOS GOVERNMENT RELATIONS,-1,,320000,c179bfd8-d780-411c-be76-617a372f8407,https://lda.senate.gov/filings/public/filing/c179bfd8-d780-411c-be76-617a372f8407/print/,39326ae0-b0ff-425b-aa88-64845696d3b9,https://lda.senate.gov/filings/public/filing/39326ae0-b0ff-425b-aa88-64845696d3b9/print/
Western Digital Corporation,BGR GOVERNMENT AFFAIRS,J.A. GREEN AND COMPANY (FORMERLY LLC),0,,300000,10d8604a-0656-45c8-a78a-47199dabea24,https://lda.senate.gov/filings/public/filing/10d8604a-0656-45c8-a78a-47199dabea24/print/,2eb796ad-46f3-4df6-b653-06d7d623bd6e,https://lda.senate.gov/filings/public/filing/2eb796ad-46f3-4df6-b653-06d7d623bd6e/print/
Fermi America,"MILLER STRATEGIES, LLC",THE VOGEL GROUP,-1,,290000,789a71a6-c589-48df-a81c-9e606fc094a6,https://lda.senate.gov/filings/public/filing/789a71a6-c589-48df-a81c-9e606fc094a6/print/,1dae3564-9a87-47b8-a126-58b1074f3825,https://lda.senate.gov/filings/public/filing/1dae3564-9a87-47b8-a126-58b1074f3825/print/
Accenture Federal Services LLC,"TARPLIN, DOWNS & YOUNG, LLC",ALSTON & BIRD LLP,0,,250000,aa570d34-b4fb-44d3-b6fe-9a2ba11d2594,https://lda.senate.gov/filings/public/filing/aa570d34-b4fb-44d3-b6fe-9a2ba11d2594/print/,39b57bb8-8846-455a-9421-e2160d6855e0,https://lda.senate.gov/filings/public/filing/39b57bb8-8846-455a-9421-e2160d6855e0/print/
Indivior Inc.,"CROSSROADS STRATEGIES, LLC","JEFFREY J. KIMBELL & ASSOCIATES, INC.",-1,,250000,38be744e-2967-48d2-b977-e89f13b42d3b,https://lda.senate.gov/filings/public/filing/38be744e-2967-48d2-b977-e89f13b42d3b/print/,109bfaa5-76a0-48e4-9f86-251a2b48a6f6,https://lda.senate.gov/filings/public/filing/109bfaa5-76a0-48e4-9f86-251a2b48a6f6/print/
Indivior Inc.,DLA PIPER LLP (US),"JEFFREY J. KIMBELL & ASSOCIATES, INC.",-1,,250000,5f927cc5-0f56-4ec5-b7be-e0b7fd73f50e,https://lda.senate.gov/filings/public/filing/5f927cc5-0f56-4ec5-b7be-e0b7fd73f50e/print/,109bfaa5-76a0-48e4-9f86-251a2b48a6f6,https://lda.senate.gov/filings/public/filing/109bfaa5-76a0-48e4-9f86-251a2b48a6f6/print/
PatientsACT,CHECKMATE GOVERNMENT RELATIONS,"LIBERTY PARTNERS GROUP, LLC",-1,,250000,bf1092b8-f29f-41d9-a25b-bdf291752a3c,https://lda.senate.gov/filings/public/filing/bf1092b8-f29f-41d9-a25b-bdf291752a3c/print/,2968a4df-2c10-43e3-9e2d-8f208590638a,https://lda.senate.gov/filings/public/filing/2968a4df-2c10-43e3-9e2d-8f208590638a/print/
The Nature Conservancy,MICHAEL BEST STRATEGIES LLC,BOUNDARY STONE PARTNERS,-1,,245000,b4d273cf-1dce-433c-a98a-50e4d3dbec09,https://lda.senate.gov/filings/public/filing/b4d273cf-1dce-433c-a98a-50e4d3dbec09/print/,4fafd815-c7dc-4bbc-98bf-c6718a98e8de,https://lda.senate.gov/filings/public/filing/4fafd815-c7dc-4bbc-98bf-c6718a98e8de/print/
Glencore Ltd.,MCLARTY INBOUND LLC,HOLLAND & KNIGHT LLP,0,,240000,609f3987-7527-4c4d-8011-f4aa625bedd2,https://lda.senate.gov/filings/public/filing/609f3987-7527-4c4d-8011-f4aa625bedd2/print/,a40fa968-e362-4021-b753-b3b30101a57a,https://lda.senate.gov/filings/public/filing/a40fa968-e362-4021-b753-b3b30101a57a/print/
BLINK HEALTH LTD (A BERMUDA LIMITED COMPANY),FOLEY & LARDNER LLP,CHECKMATE GOVERNMENT RELATIONS,0,,230000,dfd4c10b-1aa1-4afd-8967-03489abc9c5a,https://lda.senate.gov/filings/public/filing/dfd4c10b-1aa1-4afd-8967-03489abc9c5a/print/,a9851ee1-7794-40b4-816c-be51b4560070,https://lda.senate.gov/filings/public/filing/a9851ee1-7794-40b4-816c-be51b4560070/print/
BLINK HEALTH LTD (A BERMUDA LIMITED COMPANY),FOLEY & LARDNER LLP,"CROSSROADS STRATEGIES, LLC",0,,230000,dfd4c10b-1aa1-4afd-8967-03489abc9c5a,https://lda.senate.gov/filings/public/filing/dfd4c10b-1aa1-4afd-8967-03489abc9c5a/print/,02c6316c-c869-4a95-85f9-5b3cc632055c,https://lda.senate.gov/filings/public/filing/02c6316c-c869-4a95-85f9-5b3cc632055c/print/
ARCONIC CORPORATION,"CORNERSTONE GOVERNMENT AFFAIRS, INC.","BROWNSTEIN HYATT FARBER SCHRECK, LLP",-1,,219000,aa96576b-584a-4dc9-ab7e-595a7857134a,https://lda.senate.gov/filings/public/filing/aa96576b-584a-4dc9-ab7e-595a7857134a/print/,56f13540-7e51-40bf-9b37-fdf471063b7d,https://lda.senate.gov/filings/public/filing/56f13540-7e51-40bf-9b37-fdf471063b7d/print/
DARLING INGREDIENTS INC,EHRLICH & ASSOCIATES,"CONTINENTAL STRATEGY, LLC",-1,,190000,38dd9d49-b520-40b9-8c31-9f0d93dc787c,https://lda.senate.gov/filings/public/filing/38dd9d49-b520-40b9-8c31-9f0d93dc787c/print/,0be3e777-1eb2-4fbf-b3ce-59228a9d1eab,https://lda.senate.gov/filings/public/filing/0be3e777-1eb2-4fbf-b3ce-59228a9d1eab/print/
DARLING INGREDIENTS INC,EHRLICH & ASSOCIATES,DARLING INGREDIENTS INC.,0,to-inhouse,190000,38dd9d49-b520-40b9-8c31-9f0d93dc787c,https://lda.senate.gov/filings/public/filing/38dd9d49-b520-40b9-8c31-9f0d93dc787c/print/,c4f15da5-244e-4978-bee4-334454234788,https://lda.senate.gov/filings/public/filing/c4f15da5-244e-4978-bee4-334454234788/print/
"Independence Blue Cross, LLC",SALT POINT STRATEGIES,ALB SOLUTIONS,0,,190000,d5a81fbb-210c-4651-8da7-443edb465a8a,https://lda.senate.gov/filings/public/filing/d5a81fbb-210c-4651-8da7-443edb465a8a/print/,094b118b-01a3-4d33-97df-54219f6458f5,https://lda.senate.gov/filings/public/filing/094b118b-01a3-4d33-97df-54219f6458f5/print/
National Thoroughbred Racing Association,"THE RUSSELL GROUP, INC.",INVARIANT LLC,0,,180000,8d8eb8fb-3257-4be6-bbff-262f64da2c59,https://lda.senate.gov/filings/public/filing/8d8eb8fb-3257-4be6-bbff-262f64da2c59/print/,062c7366-dc3b-4b1e-9d00-254addbd0e6f,https://lda.senate.gov/filings/public/filing/062c7366-dc3b-4b1e-9d00-254addbd0e6f/print/
SAN DIEGO STATE UNIVERSITY RESEARCH FOUNDATION,VAN SCOYOC ASSOCIATES,SAN DIEGO STATE UNIVERSITY RESEARCH FOUNDATION,0,to-inhouse,180000,62e53ed3-1ef8-47bf-9fc8-d26403899287,https://lda.senate.gov/filings/public/filing/62e53ed3-1ef8-47bf-9fc8-d26403899287/print/,01dfb99b-2f77-47ad-9281-2d5cc6ea9cb4,https://lda.senate.gov/filings/public/filing/01dfb99b-2f77-47ad-9281-2d5cc6ea9cb4/print/
NEW MARKETS TAX CREDIT COALITION,R A RAPOZA ASSOCIATES INC,CR8 OPPORTUNITY LLC,-1,,170000,37e65f85-10d1-41b2-bba1-63ac272cb4d8,https://lda.senate.gov/filings/public/filing/37e65f85-10d1-41b2-bba1-63ac272cb4d8/print/,27d9123a-1d0f-498f-8d18-93a594963262,https://lda.senate.gov/filings/public/filing/27d9123a-1d0f-498f-8d18-93a594963262/print/
BlackSea Technologies,BGR GOVERNMENT AFFAIRS,AMERICAN DEFENSE INTERNATIONAL,0,,160000,84a5ba3d-a3c4-44a9-8a89-10128e761730,https://lda.senate.gov/filings/public/filing/84a5ba3d-a3c4-44a9-8a89-10128e761730/print/,5389f8d8-6bfc-4786-867f-06f8c011bee6,https://lda.senate.gov/filings/public/filing/5389f8d8-6bfc-4786-867f-06f8c011bee6/print/
BlackSea Technologies,BGR GOVERNMENT AFFAIRS,BALLARD PARTNERS,-1,,160000,84a5ba3d-a3c4-44a9-8a89-10128e761730,https://lda.senate.gov/filings/public/filing/84a5ba3d-a3c4-44a9-8a89-10128e761730/print/,101c03af-5eb6-4e87-9b5e-4d853638af16,https://lda.senate.gov/filings/public/filing/101c03af-5eb6-4e87-9b5e-4d853638af16/print/
Cleveland Clinic Foundation,"THE PETRIZZO GROUP, INC.",CENTER ROAD SOLUTIONS,0,,160000,33ce54dc-866f-4a31-86c1-078ba2ef1bca,https://lda.senate.gov/filings/public/filing/33ce54dc-866f-4a31-86c1-078ba2ef1bca/print/,924159e5-3560-4aff-8700-21f6ff057da8,https://lda.senate.gov/filings/public/filing/924159e5-3560-4aff-8700-21f6ff057da8/print/
American Efficient LLC,ACORN CONSULTING,"BECKER & POLIAKOFF, P.A.",-1,,150000,aabd4413-910c-479e-8948-af7c72dfba67,https://lda.senate.gov/filings/public/filing/aabd4413-910c-479e-8948-af7c72dfba67/print/,5878c8a9-154c-40e8-a100-99ba18b432e3,https://lda.senate.gov/filings/public/filing/5878c8a9-154c-40e8-a100-99ba18b432e3/print/
American Efficient LLC,ACORN CONSULTING,CAPITOL COUNSEL LLC,-1,,150000,aabd4413-910c-479e-8948-af7c72dfba67,https://lda.senate.gov/filings/public/filing/aabd4413-910c-479e-8948-af7c72dfba67/print/,b4f3058b-c715-441a-a303-df1e1bf932cb,https://lda.senate.gov/filings/public/filing/b4f3058b-c715-441a-a303-df1e1bf932cb/print/
American Efficient LLC,CAPITOL COUNSEL LLC,ACORN CONSULTING,-1,,150000,fd22a91f-f8a2-4c77-bc88-247dd56a86a6,https://lda.senate.gov/filings/public/filing/fd22a91f-f8a2-4c77-bc88-247dd56a86a6/print/,36425fcf-c9f8-4557-9909-d723d902a04a,https://lda.senate.gov/filings/public/filing/36425fcf-c9f8-4557-9909-d723d902a04a/print/
American Efficient LLC,CAPITOL COUNSEL LLC,"BECKER & POLIAKOFF, P.A.",-1,,150000,fd22a91f-f8a2-4c77-bc88-247dd56a86a6,https://lda.senate.gov/filings/public/filing/fd22a91f-f8a2-4c77-bc88-247dd56a86a6/print/,5878c8a9-154c-40e8-a100-99ba18b432e3,https://lda.senate.gov/filings/public/filing/5878c8a9-154c-40e8-a100-99ba18b432e3/print/
FUND FOR A BETTER FUTURE,FUND FOR A BETTER FUTURE,CAPITOL COUNSEL LLC,-1,from-inhouse,150000,4339a01e-eea4-4bec-ac57-8c61db33be83,https://lda.senate.gov/filings/public/filing/4339a01e-eea4-4bec-ac57-8c61db33be83/print/,3dea0146-4329-40f7-937b-f166fef566fe,https://lda.senate.gov/filings/public/filing/3dea0146-4329-40f7-937b-f166fef566fe/print/
FUND FOR A BETTER FUTURE,FUND FOR A BETTER FUTURE,"CORNERSTONE GOVERNMENT AFFAIRS, INC.",0,from-inhouse,150000,4339a01e-eea4-4bec-ac57-8c61db33be83,https://lda.senate.gov/filings/public/filing/4339a01e-eea4-4bec-ac57-8c61db33be83/print/,55934d49-b7da-45bf-913a-5da0ce4ba947,https://lda.senate.gov/filings/public/filing/55934d49-b7da-45bf-913a-5da0ce4ba947/print/
"Natera, Inc.",THE CONSILIO GROUP,"ERVIN GRAVES STRATEGY GROUP, LLC",0,,150000,8e7805de-4998-491d-8121-436bcab5d6c8,https://lda.senate.gov/filings/public/filing/8e7805de-4998-491d-8121-436bcab5d6c8/print/,2ad2a440-c0bc-436e-af15-eb0120b88d2b,https://lda.senate.gov/filings/public/filing/2ad2a440-c0bc-436e-af15-eb0120b88d2b/print/
APTIV PLC,FEROX STRATEGIES II,FEROX STRATEGIES,0,,140000,e73d8c1c-dc16-4d24-95cd-55e12c84843c,https://lda.senate.gov/filings/public/filing/e73d8c1c-dc16-4d24-95cd-55e12c84843c/print/,18957308-3670-46c1-8325-c316811290fa,https://lda.senate.gov/filings/public/filing/18957308-3670-46c1-8325-c316811290fa/print/
YAZAKI NORTH AMERICA,DLA PIPER LLP (US),"IQOM STRATEGIC ADVISORS, LLC",-1,,140000,3c3f1ae4-c249-4b06-8e64-fead6ef924ea,https://lda.senate.gov/filings/public/filing/3c3f1ae4-c249-4b06-8e64-fead6ef924ea/print/,49e249e4-b75b-4d22-a1c8-d9d99ffbfb82,https://lda.senate.gov/filings/public/filing/49e249e4-b75b-4d22-a1c8-d9d99ffbfb82/print/
"Affirm, Inc.",DICKINSON WRIGHT PLLC,BGR GOVERNMENT AFFAIRS,0,,135000,76cafe31-e578-4679-ab9c-118fa761c360,https://lda.senate.gov/filings/public/filing/76cafe31-e578-4679-ab9c-118fa761c360/print/,552765da-7522-4095-9108-debcf3c4af4a,https://lda.senate.gov/filings/public/filing/552765da-7522-4095-9108-debcf3c4af4a/print/
SEMPRE,"ERVIN GRAVES STRATEGY GROUP, LLC",BGR GOVERNMENT AFFAIRS,0,,130000,73509485-fd23-462a-82e3-0b8a05f6d9e5,https://lda.senate.gov/filings/public/filing/73509485-fd23-462a-82e3-0b8a05f6d9e5/print/,59321bbf-9eae-4f82-872f-33acbb9e6426,https://lda.senate.gov/filings/public/filing/59321bbf-9eae-4f82-872f-33acbb9e6426/print/
Katmai Government Services LLC,"MERCURY PUBLIC AFFAIRS, LLC",CHECKMATE GOVERNMENT RELATIONS,0,,120000,854fa7f5-0ee8-45e8-92ab-ccb704435b23,https://lda.senate.gov/filings/public/filing/854fa7f5-0ee8-45e8-92ab-ccb704435b23/print/,225e9bd2-69c6-4f5a-8555-556159974721,https://lda.senate.gov/filings/public/filing/225e9bd2-69c6-4f5a-8555-556159974721/print/
Recycling Leadership Council,INVARIANT LLC,S-3 GROUP,0,,120000,7ccf7682-51f2-41fe-863e-150f1db16572,https://lda.senate.gov/filings/public/filing/7ccf7682-51f2-41fe-863e-150f1db16572/print/,5cfe79fe-34d9-418a-986c-75e1bec83edd,https://lda.senate.gov/filings/public/filing/5cfe79fe-34d9-418a-986c-75e1bec83edd/print/
Abt Global,MONUMENT ADVOCACY,VALCOUR LLC,0,,110000,06cdaad9-1e2b-4136-ba23-bb076e9ba457,https://lda.senate.gov/filings/public/filing/06cdaad9-1e2b-4136-ba23-bb076e9ba457/print/,2adcef28-a585-4bad-a305-166a514f4501,https://lda.senate.gov/filings/public/filing/2adcef28-a585-4bad-a305-166a514f4501/print/
IonQ Inc.,CLARK STREET ASSOCIATES,HOLLAND & KNIGHT LLP,0,,110000,9f9c6e5f-6cee-4b99-b051-811f6aa86a05,https://lda.senate.gov/filings/public/filing/9f9c6e5f-6cee-4b99-b051-811f6aa86a05/print/,01e58e74-c819-41d6-8b8a-9f399d4d61b1,https://lda.senate.gov/filings/public/filing/01e58e74-c819-41d6-8b8a-9f399d4d61b1/print/
Society for Human Resources Management,"MERCURY PUBLIC AFFAIRS, LLC","BECKER & POLIAKOFF, P.A.",-1,,110000,80c6a4e2-0b2c-4163-9f17-1ceb2f8edb9f,https://lda.senate.gov/filings/public/filing/80c6a4e2-0b2c-4163-9f17-1ceb2f8edb9f/print/,0835d600-b393-4105-bec2-64b81ce22986,https://lda.senate.gov/filings/public/filing/0835d600-b393-4105-bec2-64b81ce22986/print/
Society for Human Resources Management,"MERCURY PUBLIC AFFAIRS, LLC",HOLLAND & KNIGHT LLP,-1,,110000,80c6a4e2-0b2c-4163-9f17-1ceb2f8edb9f,https://lda.senate.gov/filings/public/filing/80c6a4e2-0b2c-4163-9f17-1ceb2f8edb9f/print/,a7a36d66-95ff-4966-bd71-0c6ad2c068d2,https://lda.senate.gov/filings/public/filing/a7a36d66-95ff-4966-bd71-0c6ad2c068d2/print/
PAYTIENT TECHNOLOGIES INC,"BOCKORNY GROUP, INC.",BOHL GOVERNMENT AFFAIRS,0,,100206,6178a961-456f-44cd-8bc4-3b12e3b93266,https://lda.senate.gov/filings/public/filing/6178a961-456f-44cd-8bc4-3b12e3b93266/print/,1d968365-dad6-4fc1-9e7b-7b27d73b416d,https://lda.senate.gov/filings/public/filing/1d968365-dad6-4fc1-9e7b-7b27d73b416d/print/
Energy Access Innovations LLC,NESTPOINT ASSOCIATES LLC,DIADEM LLC,0,,100000,2068d516-db74-40ea-8dd5-347ec5ccc6a5,https://lda.senate.gov/filings/public/filing/2068d516-db74-40ea-8dd5-347ec5ccc6a5/print/,50c47bfe-e024-4fc7-8428-2e440e3a5aaf,https://lda.senate.gov/filings/public/filing/50c47bfe-e024-4fc7-8428-2e440e3a5aaf/print/
Analex Corporation dba Arcfield,"COVENANT GOVERNMENT AFFAIRS, LLC","CONTINENTAL STRATEGY, LLC",-1,,98000,ee3672c5-2af1-499f-b70f-2ec5d980b824,https://lda.senate.gov/filings/public/filing/ee3672c5-2af1-499f-b70f-2ec5d980b824/print/,3ba79cd9-2d1a-4f27-a484-69861c20d28c,https://lda.senate.gov/filings/public/filing/3ba79cd9-2d1a-4f27-a484-69861c20d28c/print/
"Katuma, LLC","JONES WALKER, LLP","THE PICARD GROUP, LLC",-1,,97500,87eb1254-12c9-4064-8752-5472be0578d6,https://lda.senate.gov/filings/public/filing/87eb1254-12c9-4064-8752-5472be0578d6/print/,c2f0c70e-41d2-455c-8f25-83ba861b276d,https://lda.senate.gov/filings/public/filing/c2f0c70e-41d2-455c-8f25-83ba861b276d/print/
Aalo Atomics,WINNING STRATEGIES WASHINGTON,"CGCN GROUP, LLC",0,,90000,9f7e50a7-b737-480c-acfd-5ae90df1911d,https://lda.senate.gov/filings/public/filing/9f7e50a7-b737-480c-acfd-5ae90df1911d/print/,78cfe388-9e81-452d-b09a-ddbfd18b934b,https://lda.senate.gov/filings/public/filing/78cfe388-9e81-452d-b09a-ddbfd18b934b/print/
DittoLive Inc.,INVARIANT LLC,CHECKMATE GOVERNMENT RELATIONS,0,,90000,7f1bb9cb-4246-4cb1-9ad3-18e0d3c6aa10,https://lda.senate.gov/filings/public/filing/7f1bb9cb-4246-4cb1-9ad3-18e0d3c6aa10/print/,07ea726d-f93d-4a58-80b2-7dd86685afba,https://lda.senate.gov/filings/public/filing/07ea726d-f93d-4a58-80b2-7dd86685afba/print/
"Find Solace, Inc.","BOCKORNY GROUP, INC.",BOHL GOVERNMENT AFFAIRS,0,,90000,aba80ebd-d186-4998-8831-74e9782a3420,https://lda.senate.gov/filings/public/filing/aba80ebd-d186-4998-8831-74e9782a3420/print/,2d36add3-d1ef-42c5-bc43-4ee1ec77ad05,https://lda.senate.gov/filings/public/filing/2d36add3-d1ef-42c5-bc43-4ee1ec77ad05/print/
"Office of the Governor, State of Colorado",SQUIRE PATTON BOGGS,HOLLAND & KNIGHT LLP,0,,90000,4b289ab3-0253-4053-8c53-7fa4ac193e38,https://lda.senate.gov/filings/public/filing/4b289ab3-0253-4053-8c53-7fa4ac193e38/print/,593c624a-1e62-4a12-a002-104bcffef73b,https://lda.senate.gov/filings/public/filing/593c624a-1e62-4a12-a002-104bcffef73b/print/
"Remitly, Inc.",CAPITOL COUNSEL LLC,FEROX STRATEGIES,0,,90000,e4fcc7fc-88ad-4d09-b381-ee15f374de4b,https://lda.senate.gov/filings/public/filing/e4fcc7fc-88ad-4d09-b381-ee15f374de4b/print/,10bc6c62-80c3-4763-9289-fe048ec001c8,https://lda.senate.gov/filings/public/filing/10bc6c62-80c3-4763-9289-fe048ec001c8/print/
Cleaner Economy Coalition,MICHAEL BEST STRATEGIES LLC,"MINDSET ADVOCACY, LLC",-1,,80000,bcb7945d-7e57-4109-bf71-83cd010e2012,https://lda.senate.gov/filings/public/filing/bcb7945d-7e57-4109-bf71-83cd010e2012/print/,06ae3f15-0237-418c-9453-a0ed039eda54,https://lda.senate.gov/filings/public/filing/06ae3f15-0237-418c-9453-a0ed039eda54/print/
"Kreindler & Kreindler LLP (for certain plaintiffs in ""9/11"" litigation)",AXADVOCACY GOVERNMENT RELATIONS,ONMESSAGE PUBLIC STRATEGIES,-1,,80000,fe0818f0-4698-4944-a86a-e16d3fd72a25,https://lda.senate.gov/filings/public/filing/fe0818f0-4698-4944-a86a-e16d3fd72a25/print/,497c5b27-f102-4e49-9b83-9a708d05c9bc,https://lda.senate.gov/filings/public/filing/497c5b27-f102-4e49-9b83-9a708d05c9bc/print/
"ALPHA OMEGA INTEGRATION, LLC","STOICK CONSULTING, LLC","FRANKLIN SQUARE GROUP, LLC",0,,70000,221b441a-7355-4692-863f-8daf2408e06f,https://lda.senate.gov/filings/public/filing/221b441a-7355-4692-863f-8daf2408e06f/print/,279f2da0-7a7c-4e53-a82d-29c127440113,https://lda.senate.gov/filings/public/filing/279f2da0-7a7c-4e53-a82d-29c127440113/print/
AMERICAN BIOMASS ENERGY ASSOCIATION (FORMERLY BIOMASS POWER ASSOCIATION),MONUMENT ADVOCACY,"H.A. CUMBER & COMPANY, INC.",0,,70000,2d0cebd4-a2e1-4fa4-a75f-858a0f81eff0,https://lda.senate.gov/filings/public/filing/2d0cebd4-a2e1-4fa4-a75f-858a0f81eff0/print/,90ee0dd4-0c18-422d-841b-2720053723fb,https://lda.senate.gov/filings/public/filing/90ee0dd4-0c18-422d-841b-2720053723fb/print/
Carbon Removal Alliance,TIBER CREEK GROUP,"ALPINE GROUP PARTNERS, LLC.",0,,70000,d41232b1-26bc-4597-96cf-c8150b8be902,https://lda.senate.gov/filings/public/filing/d41232b1-26bc-4597-96cf-c8150b8be902/print/,0cbbd9ba-df2a-4d1f-b3d2-da9381a2548d,https://lda.senate.gov/filings/public/filing/0cbbd9ba-df2a-4d1f-b3d2-da9381a2548d/print/
Systecon North America,AMERICAN DEFENSE INTERNATIONAL,MAVERICK HILL PARTNERS,0,,68000,253afc54-6515-4648-aa2b-c136d8f041c1,https://lda.senate.gov/filings/public/filing/253afc54-6515-4648-aa2b-c136d8f041c1/print/,8ef30d14-2c89-4488-8315-7311b8b1a4be,https://lda.senate.gov/filings/public/filing/8ef30d14-2c89-4488-8315-7311b8b1a4be/print/
Research!America,"KOUNTOUPES DENHAM CARR & REID, LLC","CROSSROADS STRATEGIES, LLC",0,,65000,53e4fd25-9791-42fb-97dd-a7f74aba62b3,https://lda.senate.gov/filings/public/filing/53e4fd25-9791-42fb-97dd-a7f74aba62b3/print/,25c51c04-08ca-49fa-a4f9-2a53df6a6be3,https://lda.senate.gov/filings/public/filing/25c51c04-08ca-49fa-a4f9-2a53df6a6be3/print/
ALLIANCE FOR HEALTH INFORMATION OPERATIONS AND STANDARDS (AHIOS),INVARIANT LLC,TIBER CREEK GROUP,-1,,60000,c0d6aec1-a304-4d9c-ac37-5439c907fca7,https://lda.senate.gov/filings/public/filing/c0d6aec1-a304-4d9c-ac37-5439c907fca7/print/,12423619-0490-4e30-9a84-9974d590f4c4,https://lda.senate.gov/filings/public/filing/12423619-0490-4e30-9a84-9974d590f4c4/print/
Allen Control Systems,"CASSIDY & ASSOCIATES, INC.",CR FEDERAL,-1,,60000,35b55a3a-9b5e-4374-9ff4-e38c16c7bf10,https://lda.senate.gov/filings/public/filing/35b55a3a-9b5e-4374-9ff4-e38c16c7bf10/print/,4ebd182c-ece2-4ded-ab1f-b4987b918875,https://lda.senate.gov/filings/public/filing/4ebd182c-ece2-4ded-ab1f-b4987b918875/print/
American Institute of Steel Construction,COZEN O'CONNOR PUBLIC STRATEGIES,POTOMAC STRATEGIC CONSULTING LLC,0,,60000,92c53d6b-de59-4ce6-9fac-90472c436531,https://lda.senate.gov/filings/public/filing/92c53d6b-de59-4ce6-9fac-90472c436531/print/,ac6f9fc1-9f12-4945-b381-f45b9135a3fb,https://lda.senate.gov/filings/public/filing/ac6f9fc1-9f12-4945-b381-f45b9135a3fb/print/
Blueprint Biosecurity Action,"TARPLIN, DOWNS & YOUNG, LLC","CORNERSTONE GOVERNMENT AFFAIRS, INC.",0,,60000,b8c343b7-c040-41fc-b0f5-63ec1bfe3917,https://lda.senate.gov/filings/public/filing/b8c343b7-c040-41fc-b0f5-63ec1bfe3917/print/,0b0ad592-a073-4854-97f0-5c5fb8115669,https://lda.senate.gov/filings/public/filing/0b0ad592-a073-4854-97f0-5c5fb8115669/print/
FIVETRAN INC.,"BALLARD PARTNERS, LLC","BROWNSTEIN HYATT FARBER SCHRECK, LLP",-1,,60000,b9c0d9d6-d8c3-4d57-a2bb-36855e8d964b,https://lda.senate.gov/filings/public/filing/b9c0d9d6-d8c3-4d57-a2bb-36855e8d964b/print/,11870cfb-f88c-4da5-9c75-3466c9351ef4,https://lda.senate.gov/filings/public/filing/11870cfb-f88c-4da5-9c75-3466c9351ef4/print/
Katalyst Space Technologies,FTI GOVERNMENT AFFAIRS,INVOKE LLC,-1,,60000,fd7edf7d-c554-4d9d-8ad6-a293a0a17d82,https://lda.senate.gov/filings/public/filing/fd7edf7d-c554-4d9d-8ad6-a293a0a17d82/print/,1c114c32-7ecf-4aac-be7f-54f351530116,https://lda.senate.gov/filings/public/filing/1c114c32-7ecf-4aac-be7f-54f351530116/print/
Momentum Technologies,"SARAH BLACKWOOD GOVERNMENT RELATIONS, LLC",HOLLAND & KNIGHT LLP,0,,60000,63946912-6e70-4eb9-bd10-3f94bc1cb0dd,https://lda.senate.gov/filings/public/filing/63946912-6e70-4eb9-bd10-3f94bc1cb0dd/print/,c95cafff-c4e7-42dc-8e62-9de99926669b,https://lda.senate.gov/filings/public/filing/c95cafff-c4e7-42dc-8e62-9de99926669b/print/
REWIRING AMERICA INC.,HOLLAND & KNIGHT LLP,WT ENERGY LLC,-1,,60000,e96263d3-7cae-42e0-9247-0fb32a4c271a,https://lda.senate.gov/filings/public/filing/e96263d3-7cae-42e0-9247-0fb32a4c271a/print/,36ed450f-025c-4aad-86ef-d462d1669de9,https://lda.senate.gov/filings/public/filing/36ed450f-025c-4aad-86ef-d462d1669de9/print/
REWIRING AMERICA INC.,WAXMAN STRATEGIES,WT ENERGY LLC,-1,,60000,e4127c54-2c94-45c6-b8d2-bce18576acc1,https://lda.senate.gov/filings/public/filing/e4127c54-2c94-45c6-b8d2-bce18576acc1/print/,36ed450f-025c-4aad-86ef-d462d1669de9,https://lda.senate.gov/filings/public/filing/36ed450f-025c-4aad-86ef-d462d1669de9/print/
SSA Marine,"TURNER POLLARD STRATEGIES, LLC","CAPITOL STRATEGIES US, LLC",0,,60000,f1189508-a141-4365-83a6-96c86cd6fd31,https://lda.senate.gov/filings/public/filing/f1189508-a141-4365-83a6-96c86cd6fd31/print/,6a2342f1-d5d5-4f9f-8ee7-092501623ef9,https://lda.senate.gov/filings/public/filing/6a2342f1-d5d5-4f9f-8ee7-092501623ef9/print/
"Safire Technology Group, Inc.","MERCHANT MCINTYRE & ASSOCIATES, LLC",AQUIA GROUP INC. (F.K.A. AQUIA GROUP LLC),0,,60000,e3ea58f5-05fe-4ed4-88e0-7a72663cc369,https://lda.senate.gov/filings/public/filing/e3ea58f5-05fe-4ed4-88e0-7a72663cc369/print/,d7c9d4b1-ff84-4e7c-bd07-ca0b38ecb664,https://lda.senate.gov/filings/public/filing/d7c9d4b1-ff84-4e7c-bd07-ca0b38ecb664/print/
"The Everglades Trust, Inc.",COZEN O'CONNOR PUBLIC STRATEGIES,POTOMAC STRATEGIC CONSULTING LLC,0,,60000,122f5c85-d33d-40df-a104-179e5858094b,https://lda.senate.gov/filings/public/filing/122f5c85-d33d-40df-a104-179e5858094b/print/,56a84140-7b00-4294-a2cb-d72835afeb55,https://lda.senate.gov/filings/public/filing/56a84140-7b00-4294-a2cb-d72835afeb55/print/
"ZANSKAR GEOTHERMAL & MINERALS, INC.",INVARIANT LLC,"ZANSKAR GEOTHERMAL & MINERALS, INC.",0,to-inhouse,50400,b59ac33f-cc58-4903-97dd-a3eea826a87e,https://lda.senate.gov/filings/public/filing/b59ac33f-cc58-4903-97dd-a3eea826a87e/print/,31615476-88bb-4605-9b8f-5e1ab85137ac,https://lda.senate.gov/filings/public/filing/31615476-88bb-4605-9b8f-5e1ab85137ac/print/
BALANCED ROCK POWER,SC PARTNERS LLC,LOT SIXTEEN LLC,0,,50000,1e4c5010-f993-4d2f-8d03-91825343139b,https://lda.senate.gov/filings/public/filing/1e4c5010-f993-4d2f-8d03-91825343139b/print/,6df62fe5-5c60-4967-ac30-3e33a7adaaac,https://lda.senate.gov/filings/public/filing/6df62fe5-5c60-4967-ac30-3e33a7adaaac/print/
BioSTL,"BOCKORNY GROUP, INC.",BOHL GOVERNMENT AFFAIRS,0,,50000,96938e67-6182-48ce-96f2-9553ba167f98,https://lda.senate.gov/filings/public/filing/96938e67-6182-48ce-96f2-9553ba167f98/print/,54f66cf1-a182-4c96-ada4-06a03ed956cc,https://lda.senate.gov/filings/public/filing/54f66cf1-a182-4c96-ada4-06a03ed956cc/print/
BioSTL,VAN SCOYOC ASSOCIATES,BOHL GOVERNMENT AFFAIRS,0,,50000,030506f0-2037-4d3e-be74-3a96079f5aa2,https://lda.senate.gov/filings/public/filing/030506f0-2037-4d3e-be74-3a96079f5aa2/print/,54f66cf1-a182-4c96-ada4-06a03ed956cc,https://lda.senate.gov/filings/public/filing/54f66cf1-a182-4c96-ada4-06a03ed956cc/print/
"Competitive Markets Action, Inc.",BRITTANY RAMIREZ,CAMERON RING,-1,,50000,d8d13de2-7479-4859-a5b5-334334889ae3,https://lda.senate.gov/filings/public/filing/d8d13de2-7479-4859-a5b5-334334889ae3/print/,438cb4de-2b20-44f0-a538-0047e6eb51c1,https://lda.senate.gov/filings/public/filing/438cb4de-2b20-44f0-a538-0047e6eb51c1/print/
Dayton T. Brown,THORN RUN PARTNERS,MAVERICK HILL PARTNERS,0,,50000,5232e35b-9036-4566-a8f3-a9f540dd0abf,https://lda.senate.gov/filings/public/filing/5232e35b-9036-4566-a8f3-a9f540dd0abf/print/,9f0f8a86-6103-4257-8c89-19cac0d0b0c7,https://lda.senate.gov/filings/public/filing/9f0f8a86-6103-4257-8c89-19cac0d0b0c7/print/
"ROBOTIC RESEARCH OPCO, LLC DBA FORTERRA (FKA ROBOTIC RESEARCH)",THE DIONNE COMPANY,ATLAS CROSSING LLC,0,,50000,b4d6b8c8-6ff5-406c-a21d-6be247b7f956,https://lda.senate.gov/filings/public/filing/b4d6b8c8-6ff5-406c-a21d-6be247b7f956/print/,7dcf311c-0c1b-42db-a604-4e4045f30557,https://lda.senate.gov/filings/public/filing/7dcf311c-0c1b-42db-a604-4e4045f30557/print/
"Sea & Shoreline, LLC","BECKER & POLIAKOFF, P.A.","BALLARD PARTNERS, LLC",0,,50000,1f0f03bc-56f6-4fa1-a18c-a0b3ce388264,https://lda.senate.gov/filings/public/filing/1f0f03bc-56f6-4fa1-a18c-a0b3ce388264/print/,9e7aa840-9e6c-4791-8509-d3713f2ef155,https://lda.senate.gov/filings/public/filing/9e7aa840-9e6c-4791-8509-d3713f2ef155/print/
"Taber Extrusions, LLC",MONUMENT ADVOCACY,PILLSBURY WINTHROP SHAW PITTMAN LLP,-1,,50000,1e3cf488-6ee5-4aa9-bb40-1f6064e1d23c,https://lda.senate.gov/filings/public/filing/1e3cf488-6ee5-4aa9-bb40-1f6064e1d23c/print/,025cdd63-b90f-469d-9fb4-6678046dab57,https://lda.senate.gov/filings/public/filing/025cdd63-b90f-469d-9fb4-6678046dab57/print/
City of Montgomery,"DSD ADVISORS, LLC",VAN SCOYOC ASSOCIATES,-1,,49000,e30388cd-d32d-41bf-b45a-dc6ca47e31ef,https://lda.senate.gov/filings/public/filing/e30388cd-d32d-41bf-b45a-dc6ca47e31ef/print/,2288e974-13ae-473e-9d54-9bf660a41a4b,https://lda.senate.gov/filings/public/filing/2288e974-13ae-473e-9d54-9bf660a41a4b/print/
ESTAR PARTNERS,"MERCURY PUBLIC AFFAIRS, LLC",CHARTWELL STRATEGY GROUP LLC,0,,40000,ec24728e-cace-45f8-8806-fbbb2306a85a,https://lda.senate.gov/filings/public/filing/ec24728e-cace-45f8-8806-fbbb2306a85a/print/,8e68f30b-5b5a-4612-bb8b-c7ee3106ca0e,https://lda.senate.gov/filings/public/filing/8e68f30b-5b5a-4612-bb8b-c7ee3106ca0e/print/
"EXODUS MOVEMENT, INC.","EXODUS MOVEMENT, INC.","POLICYPARTNER, LLC",0,from-inhouse,40000,305d21a5-4729-4fec-b45d-d7ae289df76b,https://lda.senate.gov/filings/public/filing/305d21a5-4729-4fec-b45d-d7ae289df76b/print/,1216e485-a27a-41c5-b1fd-744bcc80b1c3,https://lda.senate.gov/filings/public/filing/1216e485-a27a-41c5-b1fd-744bcc80b1c3/print/
"HERTHA METALS, INC.","THEGROUP DC, LLC",PILLSBURY WINTHROP SHAW PITTMAN LLP,-1,,40000,701ece18-52d2-4265-ab41-d53ac3d20154,https://lda.senate.gov/filings/public/filing/701ece18-52d2-4265-ab41-d53ac3d20154/print/,238b4198-4a8d-4648-be59-bd87391c2a4a,https://lda.senate.gov/filings/public/filing/238b4198-4a8d-4648-be59-bd87391c2a4a/print/
"MEDICARE ALLIANCE FOR BENEFICIARY ACCESS, INC.","JEFFREY J. KIMBELL & ASSOCIATES, INC.",THE MCMANUS GROUP,-1,,40000,c2db2c4f-94e9-4aea-8958-bfb062e73c42,https://lda.senate.gov/filings/public/filing/c2db2c4f-94e9-4aea-8958-bfb062e73c42/print/,5f45f3f6-15ca-4bbd-8cf8-4f28cae8709d,https://lda.senate.gov/filings/public/filing/5f45f3f6-15ca-4bbd-8cf8-4f28cae8709d/print/
"MEDICARE ALLIANCE FOR BENEFICIARY ACCESS, INC.",THE MCMANUS GROUP,"JEFFREY J. KIMBELL & ASSOCIATES, INC.",-1,,40000,8333996a-2bcc-478a-9eba-c835000aaa47,https://lda.senate.gov/filings/public/filing/8333996a-2bcc-478a-9eba-c835000aaa47/print/,82a98eac-b795-46e0-a1da-22cca5725824,https://lda.senate.gov/filings/public/filing/82a98eac-b795-46e0-a1da-22cca5725824/print/
NEEDLESMART,NOSSAMAN LLP,MONUMENT ADVOCACY,0,,40000,8f190867-e162-49e0-bdf5-fa80b9c1922e,https://lda.senate.gov/filings/public/filing/8f190867-e162-49e0-bdf5-fa80b9c1922e/print/,1eae2c25-82ac-4d81-a7ca-a4c954dec424,https://lda.senate.gov/filings/public/filing/1eae2c25-82ac-4d81-a7ca-a4c954dec424/print/
National Academy of Elder Law Attorneys,FAEGRE DRINKER BIDDLE & REATH LLP,MCDERMOTT+ LLC,0,,40000,70f4c5a0-95cf-44d4-9992-ac591f807528,https://lda.senate.gov/filings/public/filing/70f4c5a0-95cf-44d4-9992-ac591f807528/print/,4723afe6-3464-4fce-a64b-200496125c76,https://lda.senate.gov/filings/public/filing/4723afe6-3464-4fce-a64b-200496125c76/print/
Pipe Line Contractors Association,AKIN GUMP STRAUSS HAUER & FELD,"KOUNTOUPES DENHAM CARR & REID, LLC",0,,40000,0554c69e-aed4-4f0e-a86a-96fda9059124,https://lda.senate.gov/filings/public/filing/0554c69e-aed4-4f0e-a86a-96fda9059124/print/,3f3a8455-9cf2-4fea-b672-cdcb54d99240,https://lda.senate.gov/filings/public/filing/3f3a8455-9cf2-4fea-b672-cdcb54d99240/print/
Preventative Automotive Maintenance Association (PAMA),COZEN O'CONNOR PUBLIC STRATEGIES,POTOMAC STRATEGIC CONSULTING LLC,0,,40000,e334e4e5-5205-4dda-bcdc-961a5f79b486,https://lda.senate.gov/filings/public/filing/e334e4e5-5205-4dda-bcdc-961a5f79b486/print/,10732ef3-445b-481e-a064-b99d352ff98c,https://lda.senate.gov/filings/public/filing/10732ef3-445b-481e-a064-b99d352ff98c/print/
"Spectrum Photonics, Inc.",VAN SCOYOC ASSOCIATES,"RED MAPLE CONSULTING, LLC",0,,40000,fcc68cdf-a5b6-476b-bc07-501fe5feb7b1,https://lda.senate.gov/filings/public/filing/fcc68cdf-a5b6-476b-bc07-501fe5feb7b1/print/,c74a284a-6e90-4af2-966c-23e0ba004d77,https://lda.senate.gov/filings/public/filing/c74a284a-6e90-4af2-966c-23e0ba004d77/print/
"Spectrum Photonics, Inc.",VAN SCOYOC ASSOCIATES,THE WAYFINDER GROUP,0,,40000,fcc68cdf-a5b6-476b-bc07-501fe5feb7b1,https://lda.senate.gov/filings/public/filing/fcc68cdf-a5b6-476b-bc07-501fe5feb7b1/print/,c812e2c8-b600-46df-94a0-5e43b09cb924,https://lda.senate.gov/filings/public/filing/c812e2c8-b600-46df-94a0-5e43b09cb924/print/
Surdex Corporation,"BOCKORNY GROUP, INC.",BOHL GOVERNMENT AFFAIRS,0,,40000,0b658605-75ce-4163-a2bc-fb7b0f2467fb,https://lda.senate.gov/filings/public/filing/0b658605-75ce-4163-a2bc-fb7b0f2467fb/print/,391d9abd-2343-4cc3-a0d4-e8e3a33218c7,https://lda.senate.gov/filings/public/filing/391d9abd-2343-4cc3-a0d4-e8e3a33218c7/print/
THE AEROSPACE CORPORATION,VECTIS DC,AMERICAN DEFENSE INTERNATIONAL,0,,40000,1ca62de7-4e91-403a-9cd9-be57ed651b1e,https://lda.senate.gov/filings/public/filing/1ca62de7-4e91-403a-9cd9-be57ed651b1e/print/,0283de18-773f-4f3c-87a6-214541d73981,https://lda.senate.gov/filings/public/filing/0283de18-773f-4f3c-87a6-214541d73981/print/
PROFESSIONAL SERVICES COUNCIL,PROFESSIONAL SERVICES COUNCIL,"THE NICKLES GROUP, LLC",0,from-inhouse,32000,3088a287-86a7-4d00-bb66-09ded8f78322,https://lda.senate.gov/filings/public/filing/3088a287-86a7-4d00-bb66-09ded8f78322/print/,7eb5074f-0624-4162-802c-743f5845226a,https://lda.senate.gov/filings/public/filing/7eb5074f-0624-4162-802c-743f5845226a/print/
City of Tempe,BALLARD SPAHR LLP,"AZ DC CONSULTING, LLC",0,,30000,e13e6b07-b035-41ce-9232-e8b041ac1c65,https://lda.senate.gov/filings/public/filing/e13e6b07-b035-41ce-9232-e8b041ac1c65/print/,66564c3d-6cc0-4485-9848-e4640e6f84eb,https://lda.senate.gov/filings/public/filing/66564c3d-6cc0-4485-9848-e4640e6f84eb/print/
EXPEDITED TRAVEL,CAPITOL HILL COMMUNICATIONS,SQUIRE PATTON BOGGS,-1,,30000,03244a0f-a142-4304-b098-0f5a6cbff815,https://lda.senate.gov/filings/public/filing/03244a0f-a142-4304-b098-0f5a6cbff815/print/,73039982-b1eb-40f0-8df3-e56d9e7fd062,https://lda.senate.gov/filings/public/filing/73039982-b1eb-40f0-8df3-e56d9e7fd062/print/
EXPEDITED TRAVEL,CLARK HILL PUBLIC STRATEGIES LLC,SQUIRE PATTON BOGGS,-1,,30000,32064526-054f-4df6-aa27-ec58f693d9e6,https://lda.senate.gov/filings/public/filing/32064526-054f-4df6-aa27-ec58f693d9e6/print/,73039982-b1eb-40f0-8df3-e56d9e7fd062,https://lda.senate.gov/filings/public/filing/73039982-b1eb-40f0-8df3-e56d9e7fd062/print/
"Evelution Energy, LLC",CAPITOL HILL COMMUNICATIONS,SQUIRE PATTON BOGGS,-1,,30000,16b3ed16-5625-4540-8701-63cfc9c4f6b4,https://lda.senate.gov/filings/public/filing/16b3ed16-5625-4540-8701-63cfc9c4f6b4/print/,34655062-d6ee-4144-b24e-7fc77a71ad43,https://lda.senate.gov/filings/public/filing/34655062-d6ee-4144-b24e-7fc77a71ad43/print/
HIDDENLAYER,"VENTURE GOVERNMENT STRATEGIES, LLC (FKA HOBART HALLAWAY & QUAYLE VENTURES, LLC)",HOLLAND & KNIGHT LLP,0,,30000,63124ef4-87c8-4aee-98fb-ba30990a1f08,https://lda.senate.gov/filings/public/filing/63124ef4-87c8-4aee-98fb-ba30990a1f08/print/,e9eebe90-1325-4cd2-bad5-2e0c95681a85,https://lda.senate.gov/filings/public/filing/e9eebe90-1325-4cd2-bad5-2e0c95681a85/print/
"Habitat for Humanity International, Inc.",COZEN O'CONNOR PUBLIC STRATEGIES,POTOMAC STRATEGIC CONSULTING LLC,0,,30000,8611b19b-b70f-49c2-a676-8e344891c41f,https://lda.senate.gov/filings/public/filing/8611b19b-b70f-49c2-a676-8e344891c41f/print/,bbe00d6d-7f28-458b-81b3-338b0f8f4af1,https://lda.senate.gov/filings/public/filing/bbe00d6d-7f28-458b-81b3-338b0f8f4af1/print/
"Lilac Solutions, Inc.",CAPITOL HILL COMMUNICATIONS,SQUIRE PATTON BOGGS,-1,,30000,97be46e6-307e-4f8b-9b3a-7c599a763981,https://lda.senate.gov/filings/public/filing/97be46e6-307e-4f8b-9b3a-7c599a763981/print/,9b25b05d-5afc-49c6-b7b9-d2e15b111d85,https://lda.senate.gov/filings/public/filing/9b25b05d-5afc-49c6-b7b9-d2e15b111d85/print/
"RADNET, INC.",COZEN O'CONNOR PUBLIC STRATEGIES,POTOMAC STRATEGIC CONSULTING LLC,0,,30000,1b42558b-5bdf-4544-8c00-3e3f5c7b94a7,https://lda.senate.gov/filings/public/filing/1b42558b-5bdf-4544-8c00-3e3f5c7b94a7/print/,0fb3d26f-951a-4d3a-9175-33c25537fec8,https://lda.senate.gov/filings/public/filing/0fb3d26f-951a-4d3a-9175-33c25537fec8/print/
SUSTAINABLE ADVANCED BIOFUEL REFINERS,"AJW, INC.","MERCURY PUBLIC AFFAIRS, LLC",0,,30000,780fe962-e3c4-4e2a-97cd-14bcc5d65915,https://lda.senate.gov/filings/public/filing/780fe962-e3c4-4e2a-97cd-14bcc5d65915/print/,0e6b10f9-11c5-456e-9c33-56358429e2a6,https://lda.senate.gov/filings/public/filing/0e6b10f9-11c5-456e-9c33-56358429e2a6/print/
Vineyard Offshore LLC,FGS GLOBAL (US) LLC (FKA FGH HOLDINGS LLC),BGR GOVERNMENT AFFAIRS,-1,,30000,72ae88c4-cc4d-4269-a6f8-3da154ea5379,https://lda.senate.gov/filings/public/filing/72ae88c4-cc4d-4269-a6f8-3da154ea5379/print/,23dcaf30-a2c5-440d-a993-fa55a590b068,https://lda.senate.gov/filings/public/filing/23dcaf30-a2c5-440d-a993-fa55a590b068/print/
WateReuse Association,RAFFANIELLO & ASSOCIATES,THE O TEAM LLC,0,,30000,0045c9de-7ac1-45db-847b-81a3da3f6bfd,https://lda.senate.gov/filings/public/filing/0045c9de-7ac1-45db-847b-81a3da3f6bfd/print/,3be80a8e-c49b-4434-93d1-62c24e460d4d,https://lda.senate.gov/filings/public/filing/3be80a8e-c49b-4434-93d1-62c24e460d4d/print/
CAPITOL COUNSEL LLC ON BEHALF OF FIRSTFLOOR,COZEN O'CONNOR PUBLIC STRATEGIES,POTOMAC STRATEGIC CONSULTING LLC,0,,20000,3b407503-f5a2-4347-be70-959714794e4c,https://lda.senate.gov/filings/public/filing/3b407503-f5a2-4347-be70-959714794e4c/print/,a4207067-715c-4741-aaa1-378360cfdc0c,https://lda.senate.gov/filings/public/filing/a4207067-715c-4741-aaa1-378360cfdc0c/print/
CorVent Medical,CHAMBER HILL STRATEGIES,DLA PIPER LLP (US),0,,20000,f69d50cd-7534-4e24-a209-1731342c411b,https://lda.senate.gov/filings/public/filing/f69d50cd-7534-4e24-a209-1731342c411b/print/,8298d528-6e3b-462e-ac7b-7512097a7460,https://lda.senate.gov/filings/public/filing/8298d528-6e3b-462e-ac7b-7512097a7460/print/
"ESO Solutions, Inc.",HEALTHSPERIEN,"BROWNSTEIN HYATT FARBER SCHRECK, LLP",-1,,20000,9e6be836-b756-4afe-baa1-622ecfefbd64,https://lda.senate.gov/filings/public/filing/9e6be836-b756-4afe-baa1-622ecfefbd64/print/,6f62678c-fcf3-4835-b8df-efbc707a3c61,https://lda.senate.gov/filings/public/filing/6f62678c-fcf3-4835-b8df-efbc707a3c61/print/
GiveDirectly,"NEALE CREEK, LLC",TIBER CREEK GROUP,0,,20000,40983700-751f-45f6-942f-8572861d82ba,https://lda.senate.gov/filings/public/filing/40983700-751f-45f6-942f-8572861d82ba/print/,a1965715-672a-4b9c-982c-b7298516c4a3,https://lda.senate.gov/filings/public/filing/a1965715-672a-4b9c-982c-b7298516c4a3/print/
MYLAND,THE VOGEL GROUP,"ELIAS WALKER, INC.",-1,,20000,0c3c827f-be03-454d-ad9d-26618b018d09,https://lda.senate.gov/filings/public/filing/0c3c827f-be03-454d-ad9d-26618b018d09/print/,19cf1056-14fe-44ed-900d-c176f7ecf015,https://lda.senate.gov/filings/public/filing/19cf1056-14fe-44ed-900d-c176f7ecf015/print/
"ALTI, LLC",THE CONSILIO GROUP,"ERVIN GRAVES STRATEGY GROUP, LLC",0,,10000,8901b901-3cb6-42ce-a305-1df196c2167f,https://lda.senate.gov/filings/public/filing/8901b901-3cb6-42ce-a305-1df196c2167f/print/,2a5c281a-aac5-4c38-8eef-010c89b27176,https://lda.senate.gov/filings/public/filing/2a5c281a-aac5-4c38-8eef-010c89b27176/print/
"American Water Works Service Company, Inc.",COZEN O'CONNOR PUBLIC STRATEGIES,POTOMAC STRATEGIC CONSULTING LLC,0,,10000,5638c77c-e78b-4c8e-b944-625e2a6da6cb,https://lda.senate.gov/filings/public/filing/5638c77c-e78b-4c8e-b944-625e2a6da6cb/print/,6df96bcf-fb97-4868-a23d-5f8e82e3b8a8,https://lda.senate.gov/filings/public/filing/6df96bcf-fb97-4868-a23d-5f8e82e3b8a8/print/
BASE OPERATIONS,ANCHOR & ARROW LLC,ANCHOR & ARROW STRATEGIES,-1,,10000,540b347f-0c5a-4016-8f17-e8eb0b2629d5,https://lda.senate.gov/filings/public/filing/540b347f-0c5a-4016-8f17-e8eb0b2629d5/print/,5aa35779-65a4-465a-a5a2-c022c2c186e8,https://lda.senate.gov/filings/public/filing/5aa35779-65a4-465a-a5a2-c022c2c186e8/print/
BASE OPERATIONS,SIGNAL RIDGE STRATEGIES,ANCHOR & ARROW LLC,0,,10000,a861db84-8e85-4fd1-9b2d-6809ad01557b,https://lda.senate.gov/filings/public/filing/a861db84-8e85-4fd1-9b2d-6809ad01557b/print/,540b347f-0c5a-4016-8f17-e8eb0b2629d5,https://lda.senate.gov/filings/public/filing/540b347f-0c5a-4016-8f17-e8eb0b2629d5/print/
BASE OPERATIONS,SIGNAL RIDGE STRATEGIES,ANCHOR & ARROW STRATEGIES,-1,,10000,a861db84-8e85-4fd1-9b2d-6809ad01557b,https://lda.senate.gov/filings/public/filing/a861db84-8e85-4fd1-9b2d-6809ad01557b/print/,5aa35779-65a4-465a-a5a2-c022c2c186e8,https://lda.senate.gov/filings/public/filing/5aa35779-65a4-465a-a5a2-c022c2c186e8/print/
Cipher Tech Solutions,THE CONSILIO GROUP,"ERVIN GRAVES STRATEGY GROUP, LLC",0,,10000,1ea929bd-928a-4069-a4b1-8629e90cdbac,https://lda.senate.gov/filings/public/filing/1ea929bd-928a-4069-a4b1-8629e90cdbac/print/,d9d1eb51-2379-4b63-ba98-99f6ea446b59,https://lda.senate.gov/filings/public/filing/d9d1eb51-2379-4b63-ba98-99f6ea446b59/print/
City of Flint,LN TODD SOLUTIONS LLC,THE NATHANIEL GROUP LLC,0,,10000,af525e24-bc21-4535-8ee5-233419ed1c9b,https://lda.senate.gov/filings/public/filing/af525e24-bc21-4535-8ee5-233419ed1c9b/print/,da902b76-1a99-41ac-b15c-b00be2c1ff46,https://lda.senate.gov/filings/public/filing/da902b76-1a99-41ac-b15c-b00be2c1ff46/print/
DISASTER TECHNOLOGIES INCORPORATED,THE CONSILIO GROUP,"ERVIN GRAVES STRATEGY GROUP, LLC",0,,10000,66414133-177a-4d82-a930-5906697ba8b0,https://lda.senate.gov/filings/public/filing/66414133-177a-4d82-a930-5906697ba8b0/print/,d3fc25e4-778f-4de6-bd42-bd6d8404eb10,https://lda.senate.gov/filings/public/filing/d3fc25e4-778f-4de6-bd42-bd6d8404eb10/print/
Florida Community Loan Fund,COZEN O'CONNOR PUBLIC STRATEGIES,POTOMAC STRATEGIC CONSULTING LLC,0,,10000,12d5fa50-d521-48ab-9632-c8054f3fa803,https://lda.senate.gov/filings/public/filing/12d5fa50-d521-48ab-9632-c8054f3fa803/print/,1eb720f0-aeb7-4b84-b660-437f943c619a,https://lda.senate.gov/filings/public/filing/1eb720f0-aeb7-4b84-b660-437f943c619a/print/
International Motor Vehicle Trade Association,INTERNATIONAL MOTOR VEHICLE TRADE ASSOCIATION,ICE MILLER STRATEGIES LLC,-1,from-inhouse,10000,ee4cce6d-6648-44f0-ac5c-85cbf5a72ac2,https://lda.senate.gov/filings/public/filing/ee4cce6d-6648-44f0-ac5c-85cbf5a72ac2/print/,414018c1-9ce0-4205-aea0-440d0bc5a262,https://lda.senate.gov/filings/public/filing/414018c1-9ce0-4205-aea0-440d0bc5a262/print/
N Brereton Medical Technologies,THE CONSILIO GROUP,"ERVIN GRAVES STRATEGY GROUP, LLC",0,,10000,2549da62-8071-43ea-a742-00aeef042069,https://lda.senate.gov/filings/public/filing/2549da62-8071-43ea-a742-00aeef042069/print/,0b691e11-6600-4fea-ad31-74168444ef32,https://lda.senate.gov/filings/public/filing/0b691e11-6600-4fea-ad31-74168444ef32/print/
PFM FINANCIAL ADVISORS LLC,COZEN O'CONNOR PUBLIC STRATEGIES,POTOMAC STRATEGIC CONSULTING LLC,0,,10000,eeafdd89-c10e-48a6-8068-e22d9a746443,https://lda.senate.gov/filings/public/filing/eeafdd89-c10e-48a6-8068-e22d9a746443/print/,463d5949-8209-4af6-9554-e3ffc946dd98,https://lda.senate.gov/filings/public/filing/463d5949-8209-4af6-9554-e3ffc946dd98/print/
ST CLOUD AREA PLANNING ORGANIZATION,DAVID TURCH & ASSOC.,LARKIN HOFFMAN,-1,,10000,3a0530fa-4fa9-4204-af9c-15a18916fbf0,https://lda.senate.gov/filings/public/filing/3a0530fa-4fa9-4204-af9c-15a18916fbf0/print/,51100c39-bbaf-4818-a984-6fe87db60507,https://lda.senate.gov/filings/public/filing/51100c39-bbaf-4818-a984-6fe87db60507/print/
SURMET,THE CONSILIO GROUP,"ERVIN GRAVES STRATEGY GROUP, LLC",0,,10000,b6246ddb-5534-4f3f-9322-1ba9f521ea23,https://lda.senate.gov/filings/public/filing/b6246ddb-5534-4f3f-9322-1ba9f521ea23/print/,74f20b6d-853d-4582-821f-f7c3f6629b24,https://lda.senate.gov/filings/public/filing/74f20b6d-853d-4582-821f-f7c3f6629b24/print/
"Vision Products, LLC","CASSIDY & ASSOCIATES, INC.",MAVEN ADVOCACY PARTNERS LLC,0,,10000,498d1263-6823-43c7-bec2-5f93aba6fa33,https://lda.senate.gov/filings/public/filing/498d1263-6823-43c7-bec2-5f93aba6fa33/print/,1acc7714-1fe2-4541-8fbb-c9aa7cfb7ea8,https://lda.senate.gov/filings/public/filing/1acc7714-1fe2-4541-8fbb-c9aa7cfb7ea8/print/
"TERADAR, INC.",O'NEILL AND ASSOCIATES,BELTWAY GUIDED STRATEGIES,0,,5000,ff506ef9-1105-4c19-9be1-4e29bc77223b,https://lda.senate.gov/filings/public/filing/ff506ef9-1105-4c19-9be1-4e29bc77223b/print/,b0f0d5d4-302d-43e0-9de2-b0d5ed34402d,https://lda.senate.gov/filings/public/filing/b0f0d5d4-302d-43e0-9de2-b0d5ed34402d/print/
Agragene,"BOCKORNY GROUP, INC.",BOHL GOVERNMENT AFFAIRS,0,,,7a19e410-60b5-4406-a308-b8d43f2b8c81,https://lda.senate.gov/filings/public/filing/7a19e410-60b5-4406-a308-b8d43f2b8c81/print/,bb1214f6-2a77-4f59-846e-130c31a93f62,https://lda.senate.gov/filings/public/filing/bb1214f6-2a77-4f59-846e-130c31a93f62/print/
Joseph Schwartz,J M BURKMAN & ASSOCIATES,MERKAVA STRATEGIES CORPORATION,-1,,,b6e2b16d-d90e-4716-b127-f4ea262ae00f,https://lda.senate.gov/filings/public/filing/b6e2b16d-d90e-4716-b127-f4ea262ae00f/print/,406720b7-4ce6-4421-8c0c-c6f83d0b2fe0,https://lda.senate.gov/filings/public/filing/406720b7-4ce6-4421-8c0c-c6f83d0b2fe0/print/
National Association for Gifted Children,"STRIDE POLICY SOLUTIONS, LLC",JENNIFER MADSEN,0,,,1d56a14c-c4bc-4af2-a19b-cd032413bcfb,https://lda.senate.gov/filings/public/filing/1d56a14c-c4bc-4af2-a19b-cd032413bcfb/print/,511701b4-2d36-4429-9bd0-9ef07fcb44c3,https://lda.senate.gov/filings/public/filing/511701b4-2d36-4429-9bd0-9ef07fcb44c3/print/
National Disability CDFI Coalition,COZEN O'CONNOR PUBLIC STRATEGIES,POTOMAC STRATEGIC CONSULTING LLC,0,,,658d5e0c-ffcb-4ec0-8072-172527ca6866,https://lda.senate.gov/filings/public/filing/658d5e0c-ffcb-4ec0-8072-172527ca6866/print/,297c1c46-b566-47b8-90a1-e15efea30aa9,https://lda.senate.gov/filings/public/filing/297c1c46-b566-47b8-90a1-e15efea30aa9/print/
Pharos Capital Group,THE MADISON GROUP,KILPATRICK TOWNSEND AND STOCKTON,-1,,,a785546a-880e-4567-a557-0bdf0934ea2f,https://lda.senate.gov/filings/public/filing/a785546a-880e-4567-a557-0bdf0934ea2f/print/,62292b32-6504-4e3e-a02c-fa7d4b7663f8,https://lda.senate.gov/filings/public/filing/62292b32-6504-4e3e-a02c-fa7d4b7663f8/print/
"Team Hemp, Inc.",FRONTLINE GOVERNMENT RELATIONS,"MO STRATEGIES, INC.",-1,,,82ddd26d-cb3e-4dec-85b4-56e4b21c3b51,https://lda.senate.gov/filings/public/filing/82ddd26d-cb3e-4dec-85b4-56e4b21c3b51/print/,33d180db-9e72-4a0b-bc1b-b56de42a8cfe,https://lda.senate.gov/filings/public/filing/33d180db-9e72-4a0b-bc1b-b56de42a8cfe/print/
"Team Hemp, Inc.",FRONTLINE GOVERNMENT RELATIONS,"TSG ADVOCATES DC, LLC",-1,,,82ddd26d-cb3e-4dec-85b4-56e4b21c3b51,https://lda.senate.gov/filings/public/filing/82ddd26d-cb3e-4dec-85b4-56e4b21c3b51/print/,44f34324-38a4-4bc6-8b6e-494e733bdec4,https://lda.senate.gov/filings/public/filing/44f34324-38a4-4bc6-8b6e-494e733bdec4/print/
VECTOR,CAPITOL CONSULTING GROUP LLC (DC),"THE MCKEON GROUP, INC.",0,,,b3e86bda-005f-456b-a2d9-b895ab9f5aad,https://lda.senate.gov/filings/public/filing/b3e86bda-005f-456b-a2d9-b895ab9f5aad/print/,c1ed925a-9f70-4645-a49f-e7f8ac143e89,https://lda.senate.gov/filings/public/filing/c1ed925a-9f70-4645-a49f-e7f8ac143e89/print/
