member,bioguide_id,direct_aipac,campaign_committee,leadership_pac,total_attributable,jfc_shared_unallocated,multi_honoree_shared_unallocated,n_variant_rows,confidence_flags
"Rep. Randy K. Weber, Sr. (R-TX)",W000814,37900.0,0.0,0.0,37900.0,0.0,0.0,1,
Rep. Joseph D. Morelle (D-NY),M001206,37100.0,0.0,0.0,37100.0,0.0,0.0,1,
"Rep. Charles J. ""Chuck"" Fleischmann (R-TN)",F000459,35000.0,0.0,0.0,35000.0,0.0,0.0,1,
Rep. Ritchie Torres (D-NY),T000486,35000.0,0.0,0.0,35000.0,0.0,0.0,1,
Rep. Kat Cammack (R-FL),C001039,35000.0,0.0,0.0,35000.0,0.0,0.0,1,
Rep. Nicholas A. Langworthy (R-NY),L000600,35000.0,0.0,0.0,35000.0,0.0,0.0,2,
Rep. Marc A. Veasey (D-TX),V000131,33900.0,0.0,0.0,33900.0,0.0,0.0,1,
Sen. Dan Sullivan (R-AK),S001198,30000.0,0.0,0.0,30000.0,0.0,0.0,1,
Rep. Tony Gonzales (R-TX),G000594,30000.0,0.0,0.0,30000.0,0.0,0.0,1,
Rep. Michael T. McCaul (R-TX),M001157,30000.0,0.0,0.0,30000.0,0.0,0.0,1,
Rep. Jim Costa (D-CA),C001059,30000.0,0.0,0.0,30000.0,0.0,0.0,1,
Rep. Kevin Hern (R-OK),H001082,30000.0,0.0,0.0,30000.0,0.0,0.0,1,
Rep. Ron Estes (R-KS),E000298,30000.0,0.0,0.0,30000.0,0.0,0.0,1,
Rep. Adam Smith (D-WA),S000510,30000.0,0.0,0.0,30000.0,0.0,0.0,1,
Rep. Angie Craig (D-MN),C001119,30000.0,0.0,0.0,30000.0,0.0,0.0,1,
Rep. Aaron Bean (R-FL),B001314,30000.0,0.0,0.0,30000.0,0.0,0.0,2,
Rep. Jared Moskowitz (D-FL),M001217,30000.0,0.0,0.0,30000.0,0.0,0.0,2,
Rep. Chuck Edwards (R-NC),E000246,30000.0,0.0,0.0,30000.0,0.0,0.0,2,
Rep. Steve Womack (R-AR),W000809,28000.0,0.0,0.0,28000.0,0.0,0.0,1,
Rep. Brian Babin (R-TX),B001291,27900.0,0.0,0.0,27900.0,0.0,0.0,1,
Rep. Lance Gooden (R-TX),G000589,27900.0,0.0,0.0,27900.0,0.0,0.0,1,
Rep. Nancy Mace (R-SC),M000194,27900.0,0.0,0.0,27900.0,0.0,0.0,1,
Rep. Gregory F. Murphy (R-NC),M001210,27900.0,0.0,0.0,27900.0,0.0,0.0,1,
Rep. Virginia Foxx (R-NC),F000450,27900.0,0.0,0.0,27900.0,0.0,0.0,1,
Rep. David Rouzer (R-NC),R000603,27900.0,0.0,0.0,27900.0,0.0,0.0,1,
Rep. Jake Ellzey (R-TX),E000071,27900.0,0.0,0.0,27900.0,0.0,0.0,1,
Rep. Pat Fallon (R-TX),F000246,27900.0,0.0,0.0,27900.0,0.0,0.0,1,
Rep. Ronny Jackson (R-TX),J000304,27900.0,0.0,0.0,27900.0,0.0,0.0,1,
Rep. Donald G. Davis (D-NC),D000230,27900.0,0.0,0.0,27900.0,0.0,0.0,2,
Rep. Glenn Ivey (D-MD),I000058,27900.0,0.0,0.0,27900.0,0.0,0.0,2,
Rep. Frederica S. Wilson (D-FL),W000808,27500.0,0.0,0.0,27500.0,0.0,0.0,1,
Rep. Bradley Scott Schneider (D-IL),S001190,27100.0,0.0,0.0,27100.0,0.0,0.0,1,
Rep. Joe Neguse (D-CO),N000191,27100.0,0.0,0.0,27100.0,0.0,0.0,1,
Rep. Sam Graves (R-MO),G000546,27100.0,0.0,0.0,27100.0,0.0,0.0,1,
Rep. Ed Case (D-HI),C001055,27100.0,0.0,0.0,27100.0,0.0,0.0,1,
Rep. Maria Elvira Salazar (R-FL),S000168,27100.0,0.0,0.0,27100.0,0.0,0.0,2,
Rep. Susie Lee (D-NV),L000590,26300.0,0.0,0.0,26300.0,0.0,0.0,1,
Rep. Robert J. Wittman (R-VA),W000804,26000.0,0.0,0.0,26000.0,0.0,0.0,1,
Rep. Tom Emmer (R-MN),E000294,26000.0,0.0,0.0,26000.0,0.0,0.0,1,
Rep. Henry Cuellar (D-TX),C001063,25800.0,0.0,0.0,25800.0,0.0,0.0,1,
Rep. Andy Harris (R-MD),H001052,25800.0,0.0,0.0,25800.0,0.0,0.0,1,
Rep. Rudy Yakym III (R-IN),Y000067,25000.0,0.0,0.0,25000.0,0.0,0.0,1,
Rep. Darin LaHood (R-IL),L000585,25000.0,0.0,0.0,25000.0,0.0,0.0,1,
Rep. Bryan Steil (R-WI),S001213,25000.0,0.0,0.0,25000.0,0.0,0.0,1,
Rep. Brian J. Mast (R-FL),M001199,25000.0,0.0,0.0,25000.0,0.0,0.0,1,
Rep. Guy Reschenthaler (R-PA),R000610,25000.0,0.0,0.0,25000.0,0.0,0.0,1,
Rep. Mike Bost (R-IL),B001295,25000.0,0.0,0.0,25000.0,0.0,0.0,1,
Rep. Carol D. Miller (R-WV),M001205,25000.0,0.0,0.0,25000.0,0.0,0.0,1,
Rep. Ted Lieu (D-CA),L000582,25000.0,0.0,0.0,25000.0,0.0,0.0,1,
Rep. Suzan K. DelBene (D-WA),D000617,25000.0,0.0,0.0,25000.0,0.0,0.0,1,
Rep. Haley M. Stevens (D-MI),S001215,25000.0,0.0,0.0,25000.0,0.0,0.0,1,
Rep. Darren Soto (D-FL),S001200,25000.0,0.0,0.0,25000.0,0.0,0.0,1,
Rep. Victoria Spartz (R-IN),S000929,25000.0,0.0,0.0,25000.0,0.0,0.0,1,
Rep. Mark Alford (R-MO),A000379,25000.0,0.0,0.0,25000.0,0.0,0.0,1,
Rep. Michael Lawler (R-NY),L000599,25000.0,0.0,0.0,25000.0,0.0,0.0,1,
Rep. Nicole Malliotakis (R-NY),M000317,25000.0,0.0,0.0,25000.0,0.0,0.0,1,
Rep. Brendan F. Boyle (D-PA),B001296,25000.0,0.0,0.0,25000.0,0.0,0.0,1,
"Rep. Thomas H. Kean, Jr. (R-NJ)",K000398,25000.0,0.0,0.0,25000.0,0.0,0.0,1,
Rep. Byron Donalds (R-FL),D000032,25000.0,0.0,0.0,25000.0,0.0,0.0,1,
Rep. Kathy Castor (D-FL),C001066,25000.0,0.0,0.0,25000.0,0.0,0.0,1,
Rep. Pete Stauber (R-MN),S001212,25000.0,0.0,0.0,25000.0,0.0,0.0,1,
Rep. Brian K. Fitzpatrick (R-PA),F000466,25000.0,0.0,0.0,25000.0,0.0,0.0,1,
Rep. Emilia Strong Sykes (D-OH),S001223,25000.0,0.0,0.0,25000.0,0.0,0.0,1,
Rep. Scott Fitzgerald (R-WI),F000471,25000.0,0.0,0.0,25000.0,0.0,0.0,1,
Rep. Daniel Webster (R-FL),W000806,25000.0,0.0,0.0,25000.0,0.0,0.0,1,
Rep. Gus M. Bilirakis (R-FL),B001257,25000.0,0.0,0.0,25000.0,0.0,0.0,1,
Rep. John W. Rose (R-TN),R000612,25000.0,0.0,0.0,25000.0,0.0,0.0,1,
Rep. Katherine M. Clark (D-MA),C001101,25000.0,0.0,0.0,25000.0,0.0,0.0,1,
Rep. Jake Auchincloss (D-MA),A000148,25000.0,0.0,0.0,25000.0,0.0,0.0,1,
Rep. Rick W. Allen (R-GA),A000372,25000.0,0.0,0.0,25000.0,0.0,0.0,1,
Rep. Gregory W. Meeks (D-NY),M001137,25000.0,0.0,0.0,25000.0,0.0,0.0,2,
Rep. Carlos A. Gimenez (R-FL),G000593,25000.0,0.0,0.0,25000.0,0.0,0.0,2,
Rep. Richard McCormick (R-GA),M001218,25000.0,0.0,0.0,25000.0,0.0,0.0,2,
Rep. Derek Schmidt (R-KS),S001228,25000.0,0.0,0.0,25000.0,0.0,0.0,2,
Rep. Brian Jack (R-GA),J000311,25000.0,0.0,0.0,25000.0,0.0,0.0,2,
Rep. Diana Harshbarger (R-TN),H001086,23000.0,0.0,0.0,23000.0,0.0,0.0,1,
Rep. Steven Horsford (D-NV),H001066,22900.0,0.0,0.0,22900.0,0.0,0.0,1,
Rep. Dusty Johnson (R-SD),J000301,22900.0,0.0,0.0,22900.0,0.0,0.0,1,
Rep. Daniel Meuser (R-PA),M001204,22900.0,0.0,0.0,22900.0,0.0,0.0,1,
Rep. Robert E. Latta (R-OH),L000566,22900.0,0.0,0.0,22900.0,0.0,0.0,1,
Rep. Mike Levin (D-CA),L000593,22900.0,0.0,0.0,22900.0,0.0,0.0,1,
Rep. Darrell Issa (R-CA),I000056,22900.0,0.0,0.0,22900.0,0.0,0.0,1,
Rep. Jay Obernolte (R-CA),O000019,22900.0,0.0,0.0,22900.0,0.0,0.0,1,
Rep. Dina Titus (D-NV),T000468,22900.0,0.0,0.0,22900.0,0.0,0.0,1,
Rep. Jared F. Golden (D-ME),G000592,22900.0,0.0,0.0,22900.0,0.0,0.0,1,
"Rep. Frank Pallone, Jr. (D-NJ)",P000034,22900.0,0.0,0.0,22900.0,0.0,0.0,1,
Rep. August Pfluger (R-TX),P000048,22900.0,0.0,0.0,22900.0,0.0,0.0,1,
Rep. Young Kim (R-CA),K000397,22900.0,0.0,0.0,22900.0,0.0,0.0,1,
Rep. John R. Carter (R-TX),C001051,22900.0,0.0,0.0,22900.0,0.0,0.0,1,
Rep. Sylvia R. Garcia (D-TX),G000587,22900.0,0.0,0.0,22900.0,0.0,0.0,1,
Rep. Lucy McBath (D-GA),M001208,22900.0,0.0,0.0,22900.0,0.0,0.0,1,
Rep. David Scott (D-GA),S001157,22900.0,0.0,0.0,22900.0,0.0,0.0,1,
Rep. Donald Norcross (D-NJ),N000188,22900.0,0.0,0.0,22900.0,0.0,0.0,1,
Rep. Jefferson Van Drew (R-NJ),V000133,22900.0,0.0,0.0,22900.0,0.0,0.0,1,
Rep. Ashley Hinson (R-IA),H001091,22900.0,0.0,0.0,22900.0,0.0,0.0,1,
Rep. Mike Garcia (R-CA),G000061,22900.0,0.0,0.0,22900.0,0.0,0.0,1,
Rep. Lloyd Smucker (R-PA),S001199,22900.0,0.0,0.0,22900.0,0.0,0.0,1,
Rep. Shontel M. Brown (D-OH),B001313,22900.0,0.0,0.0,22900.0,0.0,0.0,1,
Rep. Michael K. Simpson (R-ID),S001148,22900.0,0.0,0.0,22900.0,0.0,0.0,1,
Rep. Doris O. Matsui (D-CA),M001163,22900.0,0.0,0.0,22900.0,0.0,0.0,1,
Rep. Troy Balderson (R-OH),B001306,22900.0,0.0,0.0,22900.0,0.0,0.0,1,
Rep. Christopher H. Smith (R-NJ),S000522,22900.0,0.0,0.0,22900.0,0.0,0.0,2,
Rep. Debbie Wasserman Schultz (D-FL),W000797,22100.0,0.0,0.0,22100.0,0.0,0.0,1,
Rep. Marilyn Strickland (D-WA),S001159,22100.0,0.0,0.0,22100.0,0.0,0.0,1,
Rep. Garret Graves (R-LA),G000577,22100.0,0.0,0.0,22100.0,0.0,0.0,1,
Rep. Tom Cole (R-OK),C001053,22100.0,0.0,0.0,22100.0,0.0,0.0,1,
Rep. John R. Moolenaar (R-MI),M001194,21000.0,0.0,0.0,21000.0,0.0,0.0,1,
Rep. Tim Walberg (R-MI),W000798,21000.0,0.0,0.0,21000.0,0.0,0.0,1,
Rep. Michelle Fischbach (R-MN),F000470,21000.0,0.0,0.0,21000.0,0.0,0.0,1,
Rep. John H. Rutherford (R-FL),R000609,21000.0,0.0,0.0,21000.0,0.0,0.0,1,
Rep. Austin Scott (R-GA),S001189,20900.0,0.0,0.0,20900.0,0.0,0.0,1,
Rep. Raja Krishnamoorthi (D-IL),K000391,20800.0,0.0,0.0,20800.0,0.0,0.0,1,
Rep. Stephanie I. Bice (R-OK),B000740,20000.0,0.0,0.0,20000.0,0.0,0.0,1,
Rep. Grace Meng (D-NY),M001188,20000.0,0.0,0.0,20000.0,0.0,0.0,1,
Rep. James R. Baird (R-IN),B001307,20000.0,0.0,0.0,20000.0,0.0,0.0,1,
Rep. Scott Franklin (R-FL),F000472,20000.0,0.0,0.0,20000.0,0.0,0.0,1,
Rep. Jim Jordan (R-OH),J000289,20000.0,0.0,0.0,20000.0,0.0,0.0,1,
Rep. Emanuel Cleaver (D-MO),C001061,20000.0,0.0,0.0,20000.0,0.0,0.0,1,
Rep. David Kustoff (R-TN),K000392,20000.0,0.0,0.0,20000.0,0.0,0.0,1,
Rep. Elise M. Stefanik (R-NY),S001196,20000.0,0.0,0.0,20000.0,0.0,0.0,1,
Rep. Vern Buchanan (R-FL),B001260,20000.0,0.0,0.0,20000.0,0.0,0.0,1,
Rep. Joyce Beatty (D-OH),B001281,20000.0,0.0,0.0,20000.0,0.0,0.0,1,
Rep. Vicente Gonzalez (D-TX),G000581,20000.0,0.0,0.0,20000.0,0.0,0.0,1,
Rep. Mike Rogers (R-AL),R000575,20000.0,0.0,0.0,20000.0,0.0,0.0,1,
Rep. W. Gregory Steube (R-FL),S001214,20000.0,0.0,0.0,20000.0,0.0,0.0,1,
Rep. Mike Johnson (R-LA),J000299,20000.0,0.0,0.0,20000.0,0.0,0.0,1,
Rep. Lois Frankel (D-FL),F000462,20000.0,0.0,0.0,20000.0,0.0,0.0,1,
Rep. Jimmy Panetta (D-CA),P000613,20000.0,0.0,0.0,20000.0,0.0,0.0,1,
Rep. Josh Brecheen (R-OK),B001317,20000.0,0.0,0.0,20000.0,0.0,0.0,1,
Rep. Jake LaTurner (R-KS),L000266,20000.0,0.0,0.0,20000.0,0.0,0.0,1,
Rep. Adriano Espaillat (D-NY),E000297,20000.0,0.0,0.0,20000.0,0.0,0.0,1,
Rep. Julia Letlow (R-LA),L000595,20000.0,0.0,0.0,20000.0,0.0,0.0,1,
Rep. Ben Cline (R-VA),C001118,20000.0,0.0,0.0,20000.0,0.0,0.0,1,
Rep. Brad Sherman (D-CA),S000344,20000.0,0.0,0.0,20000.0,0.0,0.0,1,
Rep. Greg Stanton (D-AZ),S001211,20000.0,0.0,0.0,20000.0,0.0,0.0,1,
Rep. Bill Huizenga (R-MI),H001058,20000.0,0.0,0.0,20000.0,0.0,0.0,1,
Rep. Mike Quigley (D-IL),Q000023,20000.0,0.0,0.0,20000.0,0.0,0.0,1,
Rep. Claudia Tenney (R-NY),T000478,20000.0,0.0,0.0,20000.0,0.0,0.0,1,
Rep. Roger Williams (R-TX),W000816,20000.0,0.0,0.0,20000.0,0.0,0.0,1,
Rep. Mike Ezell (R-MS),E000235,20000.0,0.0,0.0,20000.0,0.0,0.0,1,
Sen. Markwayne Mullin (R-OK),M001190,20000.0,0.0,0.0,20000.0,0.0,0.0,1,
Rep. Blake D. Moore (R-UT),M001213,20000.0,0.0,0.0,20000.0,0.0,0.0,1,
Rep. Patrick Ryan (D-NY),R000579,20000.0,0.0,0.0,20000.0,0.0,0.0,1,
Rep. Joe Wilson (R-SC),W000795,20000.0,0.0,0.0,20000.0,0.0,0.0,1,
Rep. Juan Vargas (D-CA),V000130,20000.0,0.0,0.0,20000.0,0.0,0.0,1,
Rep. Mike Carey (R-OH),C001126,20000.0,0.0,0.0,20000.0,0.0,0.0,1,
Rep. Rick Larsen (D-WA),L000560,20000.0,0.0,0.0,20000.0,0.0,0.0,1,
Rep. Dan Newhouse (R-WA),N000189,20000.0,0.0,0.0,20000.0,0.0,0.0,1,
Rep. Glenn Grothman (R-WI),G000576,20000.0,0.0,0.0,20000.0,0.0,0.0,1,
Rep. Ken Calvert (R-CA),C000059,20000.0,0.0,0.0,20000.0,0.0,0.0,1,
Rep. David Schweikert (R-AZ),S001183,20000.0,0.0,0.0,20000.0,0.0,0.0,1,
Rep. Lisa C. McClain (R-MI),M001136,20000.0,0.0,0.0,20000.0,0.0,0.0,1,
Rep. Jack Bergman (R-MI),B001301,20000.0,0.0,0.0,20000.0,0.0,0.0,1,
Sen. John R. Curtis (R-UT),C001114,20000.0,0.0,0.0,20000.0,0.0,0.0,1,
Rep. Kim Schrier (D-WA),S001216,20000.0,0.0,0.0,20000.0,0.0,0.0,1,
Rep. Marie Gluesenkamp Perez (D-WA),G000600,20000.0,0.0,0.0,20000.0,0.0,0.0,1,
Rep. Andrew Ogles (R-TN),O000175,20000.0,0.0,0.0,20000.0,0.0,0.0,1,
Rep. Zachary Nunn (R-IA),N000193,20000.0,0.0,0.0,20000.0,0.0,0.0,1,
Rep. Celeste Maloy (R-UT),M001228,20000.0,0.0,0.0,20000.0,0.0,0.0,1,
Rep. H. Morgan Griffith (R-VA),G000568,20000.0,0.0,0.0,20000.0,0.0,0.0,1,
Rep. Brad Finstad (R-MN),F000475,20000.0,0.0,0.0,20000.0,0.0,0.0,1,
Rep. Andrew R. Garbarino (R-NY),G000597,20000.0,0.0,0.0,20000.0,0.0,0.0,1,
Rep. Pete Aguilar (D-CA),A000371,20000.0,0.0,0.0,20000.0,0.0,0.0,1,
Rep. Kweisi Mfume (D-MD),M000687,20000.0,0.0,0.0,20000.0,0.0,0.0,1,
Rep. William R. Timmons IV (R-SC),T000480,20000.0,0.0,0.0,20000.0,0.0,0.0,1,
Rep. Chris Pappas (D-NH),P000614,20000.0,0.0,0.0,20000.0,0.0,0.0,1,
Rep. William R. Keating (D-MA),K000375,20000.0,0.0,0.0,20000.0,0.0,0.0,1,
Rep. Dale W. Strong (R-AL),S001220,20000.0,0.0,0.0,20000.0,0.0,0.0,2,
Rep. Mike Flood (R-NE),F000474,20000.0,0.0,0.0,20000.0,0.0,0.0,2,
Rep. Russell Fry (R-SC),F000478,20000.0,0.0,0.0,20000.0,0.0,0.0,2,
Rep. Tom McClintock (R-CA),M001177,18900.0,0.0,0.0,18900.0,0.0,0.0,1,
Rep. David P. Joyce (R-OH),J000295,18900.0,0.0,0.0,18900.0,0.0,0.0,1,
Rep. Jodey C. Arrington (R-TX),A000375,17900.0,0.0,0.0,17900.0,0.0,0.0,1,
Rep. Doug LaMalfa (R-CA),L000578,17900.0,0.0,0.0,17900.0,0.0,0.0,1,
"Rep. Eric A. ""Rick"" Crawford (R-AR)",C001087,17900.0,0.0,0.0,17900.0,0.0,0.0,1,
Rep. Mike Kelly (R-PA),K000376,17900.0,0.0,0.0,17900.0,0.0,0.0,1,
Rep. Glenn Thompson (R-PA),T000467,17900.0,0.0,0.0,17900.0,0.0,0.0,1,title-initial
Rep. Michael Cloud (R-TX),C001115,17900.0,0.0,0.0,17900.0,0.0,0.0,1,
Rep. Josh Harder (D-CA),H001090,17900.0,0.0,0.0,17900.0,0.0,0.0,1,
Rep. Barry Moore (R-AL),M001212,17900.0,0.0,0.0,17900.0,0.0,0.0,1,
Rep. J. French Hill (R-AR),H001072,17900.0,0.0,0.0,17900.0,0.0,0.0,1,
Rep. Frank J. Mrvan (D-IN),M001214,17900.0,0.0,0.0,17900.0,0.0,0.0,1,
Rep. Raul Ruiz (D-CA),R000599,17900.0,0.0,0.0,17900.0,0.0,0.0,1,
Rep. Randy Feenstra (R-IA),F000446,17900.0,0.0,0.0,17900.0,0.0,0.0,1,
Rep. Adrian Smith (R-NE),S001172,17900.0,0.0,0.0,17900.0,0.0,0.0,1,
"Rep. Sanford D. Bishop, Jr. (D-GA)",B000490,17900.0,0.0,0.0,17900.0,0.0,0.0,1,
Rep. Bruce Westerman (R-AR),W000821,17900.0,0.0,0.0,17900.0,0.0,0.0,1,
Rep. Pete Sessions (R-TX),S000250,17900.0,0.0,0.0,17900.0,0.0,0.0,1,
Rep. Barry Loudermilk (R-GA),L000583,17900.0,0.0,0.0,17900.0,0.0,0.0,1,
Rep. James Comer (R-KY),C001108,17900.0,0.0,0.0,17900.0,0.0,0.0,1,
Rep. Russ Fulcher (R-ID),F000469,17900.0,0.0,0.0,17900.0,0.0,0.0,1,
Rep. David G. Valadao (R-CA),V000129,17900.0,0.0,0.0,17900.0,0.0,0.0,1,
Rep. Julia Brownley (D-CA),B001285,17900.0,0.0,0.0,17900.0,0.0,0.0,1,
Rep. Terri A. Sewell (D-AL),S001185,17900.0,0.0,0.0,17900.0,0.0,0.0,1,
Rep. Brad R. Wenstrup (R-OH),W000815,17900.0,0.0,0.0,17900.0,0.0,0.0,1,
"Rep. Earl L. ""Buddy"" Carter (R-GA)",C001103,17900.0,0.0,0.0,17900.0,0.0,0.0,1,
Rep. Brett Guthrie (R-KY),G000558,17900.0,0.0,0.0,17900.0,0.0,0.0,1,
Rep. Mark E. Amodei (R-NV),A000369,17900.0,0.0,0.0,17900.0,0.0,0.0,1,
Rep. Michael Guest (R-MS),G000591,17900.0,0.0,0.0,17900.0,0.0,0.0,1,
Rep. Neal P. Dunn (R-FL),D000628,17900.0,0.0,0.0,17900.0,0.0,0.0,1,
Rep. Beth Van Duyne (R-TX),V000134,17900.0,0.0,0.0,17900.0,0.0,0.0,1,
Rep. Michelle Steel (R-CA),S001135,17900.0,0.0,0.0,17900.0,0.0,0.0,1,
Rep. Jimmy Gomez (D-CA),G000585,17900.0,0.0,0.0,17900.0,0.0,0.0,1,
Rep. Nikema Williams (D-GA),W000788,17900.0,0.0,0.0,17900.0,0.0,0.0,1,
Rep. Trent Kelly (R-MS),K000388,17900.0,0.0,0.0,17900.0,0.0,0.0,1,
Rep. Matt Cartwright (D-PA),C001090,17900.0,0.0,0.0,17900.0,0.0,0.0,1,
Rep. Kevin Mullin (D-CA),M001225,17900.0,0.0,0.0,17900.0,0.0,0.0,2,
Rep. Lizzie Fletcher (D-TX),F000468,17900.0,0.0,0.0,17900.0,0.0,0.0,2,
Rep. Brian Higgins (D-NY),H001038,17100.0,0.0,0.0,17100.0,0.0,0.0,1,
Rep. Steny H. Hoyer (D-MD),H000874,17100.0,0.0,0.0,17100.0,0.0,0.0,1,
Rep. Doug Lamborn (R-CO),L000564,17100.0,0.0,0.0,17100.0,0.0,0.0,1,
Rep. John B. Larson (D-CT),L000557,17000.0,0.0,0.0,17000.0,0.0,0.0,1,
Rep. Gabe Amo (D-RI),A000380,16500.0,0.0,0.0,16500.0,0.0,0.0,1,
Rep. Ann Wagner (R-MO),W000812,16500.0,0.0,0.0,16500.0,0.0,0.0,1,
Rep. Joe Courtney (D-CT),C001069,16000.0,0.0,0.0,16000.0,0.0,0.0,1,
Rep. Michael R. Turner (R-OH),T000463,16000.0,0.0,0.0,16000.0,0.0,0.0,1,
Rep. Keith Self (R-TX),S001224,16000.0,0.0,0.0,16000.0,0.0,0.0,1,
Rep. Greg Landsman (D-OH),L000601,15000.0,0.0,0.0,15000.0,0.0,0.0,1,
Rep. Blaine Luetkemeyer (R-MO),L000569,15000.0,0.0,0.0,15000.0,0.0,0.0,1,
Rep. Nathaniel Moran (R-TX),M001224,15000.0,0.0,0.0,15000.0,0.0,0.0,1,
Rep. Brittany Pettersen (D-CO),P000620,15000.0,0.0,0.0,15000.0,0.0,0.0,1,
Rep. Burgess Owens (R-UT),O000086,15000.0,0.0,0.0,15000.0,0.0,0.0,1,
Rep. Wesley Hunt (R-TX),H001095,15000.0,0.0,0.0,15000.0,0.0,0.0,1,
Rep. Steve Scalise (R-LA),S001176,15000.0,0.0,0.0,15000.0,0.0,0.0,1,
Rep. Gary J. Palmer (R-AL),P000609,15000.0,0.0,0.0,15000.0,0.0,0.0,1,
Rep. Nick LaLota (R-NY),L000598,15000.0,0.0,0.0,15000.0,0.0,0.0,1,
Rep. Dan Crenshaw (R-TX),C001120,15000.0,0.0,0.0,15000.0,0.0,0.0,1,
Sen. Amy Klobuchar (D-MN),K000367,15000.0,0.0,0.0,15000.0,0.0,0.0,1,
Rep. Tim Burchett (R-TN),B001309,15000.0,0.0,0.0,15000.0,0.0,0.0,1,
Rep. Don Bacon (R-NE),B001298,15000.0,0.0,0.0,15000.0,0.0,0.0,1,
Rep. Andy Barr (R-KY),B001282,15000.0,0.0,0.0,15000.0,0.0,0.0,1,
Rep. Erin Houchin (R-IN),H001093,15000.0,0.0,0.0,15000.0,0.0,0.0,1,
Rep. Monica De La Cruz (R-TX),D000594,15000.0,0.0,0.0,15000.0,0.0,0.0,1,
Rep. Jonathan L. Jackson (D-IL),J000309,15000.0,0.0,0.0,15000.0,0.0,0.0,1,
Sen. Sheldon Whitehouse (D-RI),W000802,15000.0,0.0,0.0,15000.0,0.0,0.0,1,
Rep. Michael Waltz (R-FL),W000823,15000.0,0.0,0.0,15000.0,0.0,0.0,1,
Rep. Deborah K. Ross (D-NC),R000305,15000.0,0.0,0.0,15000.0,0.0,0.0,1,
Rep. Chrissy Houlahan (D-PA),H001085,15000.0,0.0,0.0,15000.0,0.0,0.0,1,
Rep. Michael A. Rulli (R-OH),R000619,15000.0,0.0,0.0,15000.0,0.0,0.0,1,
Rep. Thomas P. Tiffany (R-WI),T000165,15000.0,0.0,0.0,15000.0,0.0,0.0,1,
Rep. Tracey Mann (R-KS),M000871,15000.0,0.0,0.0,15000.0,0.0,0.0,1,
Rep. Daniel S. Goldman (D-NY),G000599,15000.0,0.0,0.0,15000.0,0.0,0.0,1,
Sen. Ted Cruz (R-TX),C001098,15000.0,0.0,0.0,15000.0,0.0,0.0,1,
Sen. Tom Cotton (R-AR),C001095,15000.0,0.0,0.0,15000.0,0.0,0.0,1,
Rep. Troy A. Carter (D-LA),C001125,15000.0,0.0,0.0,15000.0,0.0,0.0,1,
Rep. Debbie Lesko (R-AZ),L000589,15000.0,0.0,0.0,15000.0,0.0,0.0,1,
Rep. Eric Swalwell (D-CA),S001193,15000.0,0.0,0.0,15000.0,0.0,0.0,1,
Rep. Robert B. Aderholt (R-AL),A000055,15000.0,0.0,0.0,15000.0,0.0,0.0,1,
Rep. Robert Menendez (D-NJ),M001226,15000.0,0.0,0.0,15000.0,0.0,0.0,1,title-chamber
Rep. Laurel M. Lee (R-FL),L000597,15000.0,0.0,0.0,15000.0,0.0,0.0,1,title-initial
Rep. Seth Magaziner (D-RI),M001223,15000.0,0.0,0.0,15000.0,0.0,0.0,1,
Sen. Rick Scott (R-FL),S001217,15000.0,0.0,0.0,15000.0,0.0,0.0,1,
Rep. Jason Smith (R-MO),S001195,15000.0,0.0,0.0,15000.0,0.0,0.0,1,
Rep. Harold Rogers (R-KY),R000395,15000.0,0.0,0.0,15000.0,0.0,0.0,1,
Rep. Thomas R. Suozzi (D-NY),S001201,15000.0,0.0,0.0,15000.0,0.0,0.0,1,
Sen. Deb Fischer (R-NE),F000463,15000.0,0.0,0.0,15000.0,0.0,0.0,1,
Rep. Josh Gottheimer (D-NJ),G000583,15000.0,0.0,0.0,15000.0,0.0,0.0,1,
Rep. Clay Higgins (R-LA),H001077,15000.0,0.0,0.0,15000.0,0.0,0.0,1,
Rep. Brandon Williams (R-NY),W000828,15000.0,0.0,0.0,15000.0,0.0,0.0,1,
Rep. Norma J. Torres (D-CA),T000474,15000.0,0.0,0.0,15000.0,0.0,0.0,1,
Rep. Marlin A. Stutzman (R-IN),S001188,15000.0,0.0,0.0,15000.0,0.0,0.0,1,
Rep. Derrick Van Orden (R-WI),V000135,15000.0,0.0,0.0,15000.0,0.0,0.0,1,
Rep. Seth Moulton (D-MA),M001196,15000.0,0.0,0.0,15000.0,0.0,0.0,1,
Rep. Kevin Kiley (I-CA),K000401,15000.0,0.0,0.0,15000.0,0.0,0.0,1,
Rep. Bill Posey (R-FL),P000599,13900.0,0.0,0.0,13900.0,0.0,0.0,1,
Rep. Alma S. Adams (D-NC),A000370,12900.0,0.0,0.0,12900.0,0.0,0.0,1,
Rep. Bill Johnson (R-OH),J000292,12900.0,0.0,0.0,12900.0,0.0,0.0,1,
Rep. Sheila Jackson Lee (D-TX),J000032,12900.0,0.0,0.0,12900.0,0.0,0.0,1,
Rep. Mark E. Green (R-TN),G000590,12900.0,0.0,0.0,12900.0,0.0,0.0,1,
Rep. Ami Bera (D-CA),B001287,12900.0,0.0,0.0,12900.0,0.0,0.0,1,
"Rep. Bill Pascrell, Jr. (D-NJ)",P000096,12900.0,0.0,0.0,12900.0,0.0,0.0,1,
Rep. Sharice Davids (D-KS),D000629,12900.0,0.0,0.0,12900.0,0.0,0.0,1,
Rep. Scott Perry (R-PA),P000605,12900.0,0.0,0.0,12900.0,0.0,0.0,1,
Rep. Abigail Davis Spanberger (D-VA),S001209,12100.0,0.0,0.0,12100.0,0.0,0.0,1,
Rep. Hillary J. Scholten (D-MI),S001221,11000.0,0.0,0.0,11000.0,0.0,0.0,1,
Rep. Eric Burlison (R-MO),B001316,11000.0,0.0,0.0,11000.0,0.0,0.0,1,
Rep. Yvette D. Clarke (D-NY),C001067,11000.0,0.0,0.0,11000.0,0.0,0.0,1,
Rep. Valerie P. Foushee (D-NC),F000477,10800.0,0.0,0.0,10800.0,0.0,0.0,1,
Rep. Jason Crow (D-CO),C001121,10500.0,0.0,0.0,10500.0,0.0,0.0,1,
Rep. James A. Himes (D-CT),H001047,10500.0,0.0,0.0,10500.0,0.0,0.0,1,
Rep. Cathy McMorris Rodgers (R-WA),M001159,10000.0,0.0,0.0,10000.0,0.0,0.0,1,
Rep. Maggie Goodlander (D-NH),G000604,10000.0,0.0,0.0,10000.0,0.0,0.0,1,
Rep. Juan Ciscomani (R-AZ),C001133,10000.0,0.0,0.0,10000.0,0.0,0.0,1,
Rep. Mike Haridopolos (R-FL),H001099,10000.0,0.0,0.0,10000.0,0.0,0.0,1,
Rep. John J. McGuire III (R-VA),M001239,10000.0,0.0,0.0,10000.0,0.0,0.0,1,
Rep. Mike Kennedy (R-UT),K000403,10000.0,0.0,0.0,10000.0,0.0,0.0,1,
Rep. John S. Duarte (R-CA),D000633,10000.0,0.0,0.0,10000.0,0.0,0.0,1,
Rep. Ken Buck (R-CO),B001297,10000.0,0.0,0.0,10000.0,0.0,0.0,1,
Sen. Josh Hawley (R-MO),H001089,10000.0,0.0,0.0,10000.0,0.0,0.0,1,
Rep. Sarah McBride (D-DE),M001238,10000.0,0.0,0.0,10000.0,0.0,0.0,1,
Rep. Nancy Pelosi (D-CA),P000197,10000.0,0.0,0.0,10000.0,0.0,0.0,1,
Rep. Mike Gallagher (R-WI),G000579,10000.0,0.0,0.0,10000.0,0.0,0.0,1,
Sen. John Cornyn (R-TX),C001056,10000.0,0.0,0.0,10000.0,0.0,0.0,1,
Rep. Eric Sorensen (D-IL),S001225,10000.0,0.0,0.0,10000.0,0.0,0.0,1,
Rep. Jennifer A. Kiggans (R-VA),K000399,10000.0,0.0,0.0,10000.0,0.0,0.0,1,title-initial
Rep. Shri Thanedar (D-MI),T000488,10000.0,0.0,0.0,10000.0,0.0,0.0,1,
Rep. Richard E. Neal (D-MA),N000015,10000.0,0.0,0.0,10000.0,0.0,0.0,1,
Rep. Jaime Herrera Beutler (R-WA),H001056,10000.0,0.0,0.0,10000.0,0.0,0.0,1,
Sen. Jim Banks (R-IN),B001299,10000.0,0.0,0.0,10000.0,0.0,0.0,1,
Rep. Jennifer L. McClellan (D-VA),M001227,10000.0,0.0,0.0,10000.0,0.0,0.0,1,
Sen. Kevin Cramer (R-ND),C001096,10000.0,0.0,0.0,10000.0,0.0,0.0,1,
Rep. Chris Stewart (R-UT),S001192,10000.0,0.0,0.0,10000.0,0.0,0.0,1,
Rep. Jefferson Shreve (R-IN),S001229,10000.0,0.0,0.0,10000.0,0.0,0.0,1,
Rep. Michael Baumgartner (R-WA),B001322,10000.0,0.0,0.0,10000.0,0.0,0.0,1,
Rep. Kathy E. Manning (D-NC),M001135,10000.0,0.0,0.0,10000.0,0.0,0.0,1,
Rep. Luz M. Rivas (D-CA),R000620,10000.0,0.0,0.0,10000.0,0.0,0.0,1,
Rep. Jerry L. Carl (R-AL),C001054,10000.0,0.0,0.0,10000.0,0.0,0.0,1,
Rep. A. Donald McEachin (D-VA),M001200,10000.0,0.0,0.0,10000.0,0.0,0.0,1,
Rep. Timothy M. Kennedy (D-NY),K000402,10000.0,0.0,0.0,10000.0,0.0,0.0,1,
Rep. Morgan Luttrell (R-TX),L000603,10000.0,0.0,0.0,10000.0,0.0,0.0,1,
Rep. Addison P. McDowell (R-NC),M001240,10000.0,0.0,0.0,10000.0,0.0,0.0,1,
Sen. Kirsten E. Gillibrand (D-NY),G000555,10000.0,0.0,0.0,10000.0,0.0,0.0,1,
Rep. Anna Paulina Luna (R-FL),L000596,10000.0,0.0,0.0,10000.0,0.0,0.0,1,
Rep. Jimmy Patronis (R-FL),P000622,10000.0,0.0,0.0,10000.0,0.0,0.0,1,
Rep. April McClain Delaney (D-MD),M001232,10000.0,0.0,0.0,10000.0,0.0,0.0,1,
Rep. Cliff Bentz (R-OR),B000668,10000.0,0.0,0.0,10000.0,0.0,0.0,1,
Rep. John James (R-MI),J000307,10000.0,0.0,0.0,10000.0,0.0,0.0,1,
Sen. Marsha Blackburn (R-TN),B001243,10000.0,0.0,0.0,10000.0,0.0,0.0,1,
Sen. Jon Tester (D-MT),T000464,10000.0,0.0,0.0,10000.0,0.0,0.0,1,
"Sen. Robert P. Casey, Jr. (D-PA)",C001070,10000.0,0.0,0.0,10000.0,0.0,0.0,1,
Rep. James E. Clyburn (D-SC),C000537,10000.0,0.0,0.0,10000.0,0.0,0.0,1,
Rep. Andrea Salinas (D-OR),S001226,10000.0,0.0,0.0,10000.0,0.0,0.0,1,
Rep. Scott DesJarlais (R-TN),D000616,10000.0,0.0,0.0,10000.0,0.0,0.0,1,
Rep. Susan Wild (D-PA),W000826,10000.0,0.0,0.0,10000.0,0.0,0.0,1,
Rep. Wiley Nickel (D-NC),N000194,10000.0,0.0,0.0,10000.0,0.0,0.0,1,
Rep. Mary Sattler Peltola (D-AK),P000619,10000.0,0.0,0.0,10000.0,0.0,0.0,1,
Rep. Andy Biggs (R-AZ),B001302,10000.0,0.0,0.0,10000.0,0.0,0.0,1,
Sen. Jacky Rosen (D-NV),R000608,10000.0,0.0,0.0,10000.0,0.0,0.0,1,
Rep. Yadira Caraveo (D-CO),C001134,10000.0,0.0,0.0,10000.0,0.0,0.0,1,
Rep. Frank D. Lucas (R-OK),L000491,10000.0,0.0,0.0,10000.0,0.0,0.0,1,
Rep. Richard Hudson (R-NC),H001067,10000.0,0.0,0.0,10000.0,0.0,0.0,1,
Rep. Harriet M. Hageman (R-WY),H001096,10000.0,0.0,0.0,10000.0,0.0,0.0,1,
Rep. Lori Trahan (D-MA),T000482,10000.0,0.0,0.0,10000.0,0.0,0.0,1,
Rep. Max L. Miller (R-OH),M001222,10000.0,0.0,0.0,10000.0,0.0,0.0,1,
Sen. Adam B. Schiff (D-CA),S001150,10000.0,0.0,0.0,10000.0,0.0,0.0,1,
Sen. Roger F. Wicker (R-MS),W000437,10000.0,0.0,0.0,10000.0,0.0,0.0,1,
"Rep. Robert F. Onder, Jr. (R-MO)",O000177,10000.0,0.0,0.0,10000.0,0.0,0.0,1,
Rep. Vince Fong (R-CA),F000480,10000.0,0.0,0.0,10000.0,0.0,0.0,1,
Rep. Kay Granger (R-TX),G000377,10000.0,0.0,0.0,10000.0,0.0,0.0,1,
Rep. Marcus J. Molinaro (R-NY),M001221,10000.0,0.0,0.0,10000.0,0.0,0.0,1,
Rep. Tim Moore (R-NC),M001236,10000.0,0.0,0.0,10000.0,0.0,0.0,1,
Rep. Craig A. Goldman (R-TX),G000601,10000.0,0.0,0.0,10000.0,0.0,0.0,1,
Rep. Hakeem S. Jeffries (D-NY),J000294,10000.0,0.0,0.0,10000.0,0.0,0.0,1,
Rep. Sheri Biggs (R-SC),B001325,10000.0,0.0,0.0,10000.0,0.0,0.0,1,
Rep. Troy Downing (R-MT),D000634,10000.0,0.0,0.0,10000.0,0.0,0.0,1,
Rep. Brandon Gill (R-TX),G000603,9000.0,0.0,0.0,9000.0,0.0,0.0,1,
Rep. Diana DeGette (D-CO),D000197,7900.0,0.0,0.0,7900.0,0.0,0.0,1,
Rep. Grace F. Napolitano (D-CA),N000179,7900.0,0.0,0.0,7900.0,0.0,0.0,1,
Rep. Larry Bucshon (R-IN),B001275,7900.0,0.0,0.0,7900.0,0.0,0.0,1,
Rep. Cynthia Axne (D-IA),A000378,7900.0,0.0,0.0,7900.0,0.0,0.0,1,
Rep. Scott H. Peters (D-CA),P000608,7900.0,0.0,0.0,7900.0,0.0,0.0,1,
Rep. Teresa Leger Fernandez (D-NM),L000273,7900.0,0.0,0.0,7900.0,0.0,0.0,1,
Rep. Steve Chabot (R-OH),C000266,7900.0,0.0,0.0,7900.0,0.0,0.0,1,
Rep. Kelly Armstrong (R-ND),A000377,7900.0,0.0,0.0,7900.0,0.0,0.0,1,
Rep. Greg Pence (R-IN),P000615,7900.0,0.0,0.0,7900.0,0.0,0.0,1,
Rep. Jackie Walorski (R-IN),W000813,7900.0,0.0,0.0,7900.0,0.0,0.0,1,
Rep. Dan Bishop (R-NC),B001311,7900.0,0.0,0.0,7900.0,0.0,0.0,1,title-initial
"Rep. Matthew M. Rosendale, Sr. (R-MT)",R000103,7900.0,0.0,0.0,7900.0,0.0,0.0,1,
Rep. Mikie Sherrill (D-NJ),S001207,7900.0,0.0,0.0,7900.0,0.0,0.0,1,
Rep. Morgan McGarvey (D-KY),M001220,7900.0,0.0,0.0,7900.0,0.0,0.0,1,
Rep. Jeff Jackson (D-NC),J000308,7900.0,0.0,0.0,7900.0,0.0,0.0,1,
Rep. Colin Z. Allred (D-TX),A000376,7900.0,0.0,0.0,7900.0,0.0,0.0,1,
Rep. Michael C. Burgess (R-TX),B001248,7900.0,0.0,0.0,7900.0,0.0,0.0,1,
Rep. Jeff Duncan (R-SC),D000615,7900.0,0.0,0.0,7900.0,0.0,0.0,1,
